id,Data Quality
0,Fair
1,Fair
2,Unknown
3,Unknown
4,Fair
5,Unknown
6,Fair
7,Fair
8,Unknown
9,Unknown
10,Fair
11,Fair
12,Fair
13,Fair
14,Fair
15,Fair
16,Fair
17,Fair
18,Fair
19,Unknown
20,Unknown
21,Unknown
22,Fair
23,Fair
24,Unknown
25,Fair
26,Fair
27,Fair
28,Fair
29,Fair
30,Unknown
31,Fair
32,Unknown
33,Fair
34,Fair
35,Fair
36,Unknown
37,Fair
38,Fair
39,Fair
40,Fair
41,Unknown
42,Fair
43,Unknown
44,Fair
45,Fair
46,Fair
47,Fair
48,Unknown
49,Fair
50,Unknown
51,Fair
52,Unknown
53,Fair
54,Fair
55,Fair
56,Fair
57,Unknown
58,Fair
59,Fair
60,Fair
61,Fair
62,Fair
63,Unknown
64,Fair
65,Fair
66,Fair
67,Unknown
68,Fair
69,Fair
70,Fair
71,Fair
72,Fair
73,Fair
74,Unknown
75,Fair
76,Fair
77,Fair
78,Fair
79,Fair
80,Unknown
81,Fair
82,Unknown
83,Unknown
84,Unknown
85,Fair
86,Unknown
87,Fair
88,Fair
89,Fair
90,Unknown
91,Fair
92,Fair
93,Fair
94,Fair
95,Fair
96,Fair
97,Fair
98,Fair
99,Fair
100,Fair
101,Fair
102,Unknown
103,Fair
104,Unknown
105,Unknown
106,Fair
107,Fair
108,Fair
109,Fair
110,Unknown
111,Fair
112,Fair
113,Fair
114,Unknown
115,Unknown
116,Fair
117,Fair
118,Fair
119,Fair
120,Fair
121,Unknown
122,Fair
123,Fair
124,Fair
125,Fair
126,Unknown
127,Fair
128,Fair
129,Fair
130,Fair
131,Unknown
132,Fair
133,Unknown
134,Fair
135,Fair
136,Fair
137,Fair
138,Fair
139,Fair
140,Unknown
141,Fair
142,Fair
143,Fair
144,Fair
145,Fair
146,Fair
147,Fair
148,Fair
149,Fair
150,Fair
151,Fair
152,Fair
153,Fair
154,Fair
155,Fair
156,Unknown
157,Unknown
158,Fair
159,Fair
160,Unknown
161,Unknown
162,Unknown
163,Fair
164,Fair
165,Unknown
166,Fair
167,Fair
168,Unknown
169,Unknown
170,Fair
171,Unknown
172,Unknown
173,Fair
174,Fair
175,Fair
176,Fair
177,Fair
178,Fair
179,Fair
180,Fair
181,Unknown
182,Unknown
183,Fair
184,Unknown
185,Fair
186,Fair
187,Fair
188,Fair
189,Fair
190,Fair
191,Fair
192,Fair
193,Fair
194,Fair
195,Fair
196,Unknown
197,Unknown
198,Fair
199,Fair
200,Fair
201,Fair
202,Fair
203,Unknown
204,Fair
205,Unknown
206,Fair
207,Fair
208,Fair
209,Fair
210,Fair
211,Fair
212,Fair
213,Fair
214,Fair
215,Fair
216,Fair
217,Fair
218,Fair
219,Unknown
220,Unknown
221,Fair
222,Fair
223,Fair
224,Unknown
225,Fair
226,Fair
227,Fair
228,Fair
229,Fair
230,Fair
231,Fair
232,Fair
233,Fair
234,Fair
235,Fair
236,Fair
237,Fair
238,Fair
239,Fair
240,Fair
241,Fair
242,Unknown
243,Fair
244,Fair
245,Fair
246,Fair
247,Fair
248,Fair
249,Unknown
250,Fair
251,Fair
252,Fair
253,Fair
254,Fair
255,Fair
256,Fair
257,Fair
258,Fair
259,Unknown
260,Unknown
261,Unknown
262,Unknown
263,Fair
264,Fair
265,Fair
266,Fair
267,Fair
268,Fair
269,Fair
270,Fair
271,Fair
272,Unknown
273,Fair
274,Fair
275,Fair
276,Unknown
277,Fair
278,Fair
279,Fair
280,Unknown
281,Fair
282,Fair
283,Fair
284,Fair
285,Fair
286,Fair
287,Good
288,Fair
289,Fair
290,Unknown
291,Fair
292,Unknown
293,Fair
294,Fair
295,Fair
296,Fair
297,Fair
298,Fair
299,Fair
300,Fair
301,Fair
302,Fair
303,Unknown
304,Fair
305,Fair
306,Good
307,Unknown
308,Fair
309,Fair
310,Unknown
311,Fair
312,Fair
313,Unknown
314,Unknown
315,Fair
316,Fair
317,Fair
318,Fair
319,Fair
320,Fair
321,Fair
322,Fair
323,Unknown
324,Fair
325,Unknown
326,Fair
327,Unknown
328,Fair
329,Unknown
330,Fair
331,Unknown
332,Fair
333,Fair
334,Fair
335,Fair
336,Fair
337,Fair
338,Unknown
339,Fair
340,Unknown
341,Fair
342,Fair
343,Unknown
344,Unknown
345,Unknown
346,Fair
347,Fair
348,Fair
349,Unknown
350,Fair
351,Unknown
352,Unknown
353,Fair
354,Fair
355,Fair
356,Unknown
357,Fair
358,Fair
359,Unknown
360,Fair
361,Unknown
362,Unknown
363,Fair
364,Unknown
365,Fair
366,Fair
367,Fair
368,Unknown
369,Fair
370,Fair
371,Fair
372,Unknown
373,Fair
374,Unknown
375,Unknown
376,Fair
377,Fair
378,Fair
379,Unknown
380,Fair
381,Fair
382,Fair
383,Fair
384,Unknown
385,Fair
386,Fair
387,Fair
388,Fair
389,Fair
390,Unknown
391,Fair
392,Fair
393,Fair
394,Unknown
395,Unknown
396,Unknown
397,Fair
398,Fair
399,Fair
400,Fair
401,Fair
402,Unknown
403,Fair
404,Fair
405,Fair
406,Fair
407,Fair
408,Fair
409,Fair
410,Fair
411,Fair
412,Unknown
413,Fair
414,Fair
415,Fair
416,Fair
417,Fair
418,Unknown
419,Fair
420,Fair
421,Fair
422,Fair
423,Fair
424,Unknown
425,Fair
426,Unknown
427,Unknown
428,Unknown
429,Fair
430,Unknown
431,Unknown
432,Fair
433,Fair
434,Fair
435,Fair
436,Unknown
437,Unknown
438,Fair
439,Fair
440,Fair
441,Fair
442,Fair
443,Unknown
444,Fair
445,Fair
446,Fair
447,Fair
448,Unknown
449,Unknown
450,Fair
451,Fair
452,Unknown
453,Fair
454,Fair
455,Fair
456,Fair
457,Fair
458,Fair
459,Fair
460,Fair
461,Fair
462,Fair
463,Fair
464,Fair
465,Unknown
466,Fair
467,Fair
468,Unknown
469,Fair
470,Fair
471,Unknown
472,Fair
473,Unknown
474,Fair
475,Unknown
476,Unknown
477,Fair
478,Unknown
479,Unknown
480,Unknown
481,Fair
482,Fair
483,Fair
484,Fair
485,Fair
486,Fair
487,Fair
488,Unknown
489,Fair
490,Fair
491,Fair
492,Fair
493,Unknown
494,Unknown
495,Fair
496,Fair
497,Fair
498,Fair
499,Fair
500,Fair
501,Fair
502,Fair
503,Fair
504,Fair
505,Fair
506,Fair
507,Unknown
508,Fair
509,Fair
510,Unknown
511,Unknown
512,Fair
513,Fair
514,Unknown
515,Fair
516,Unknown
517,Fair
518,Fair
519,Fair
520,Fair
521,Fair
522,Fair
523,Fair
524,Fair
525,Fair
526,Unknown
527,Fair
528,Unknown
529,Fair
530,Fair
531,Fair
532,Good
533,Fair
534,Fair
535,Fair
536,Fair
537,Unknown
538,Fair
539,Unknown
540,Fair
541,Good
542,Fair
543,Fair
544,Fair
545,Fair
546,Fair
547,Fair
548,Fair
549,Unknown
550,Fair
551,Fair
552,Unknown
553,Unknown
554,Unknown
555,Unknown
556,Fair
557,Fair
558,Unknown
559,Unknown
560,Fair
561,Fair
562,Fair
563,Fair
564,Fair
565,Unknown
566,Fair
567,Fair
568,Fair
569,Fair
570,Fair
571,Fair
572,Fair
573,Unknown
574,Unknown
575,Fair
576,Fair
577,Fair
578,Fair
579,Fair
580,Fair
581,Fair
582,Fair
583,Fair
584,Fair
585,Fair
586,Unknown
587,Fair
588,Fair
589,Fair
590,Fair
591,Fair
592,Unknown
593,Fair
594,Fair
595,Fair
596,Unknown
597,Fair
598,Fair
599,Fair
600,Unknown
601,Fair
602,Unknown
603,Fair
604,Fair
605,Fair
606,Fair
607,Fair
608,Fair
609,Fair
610,Fair
611,Fair
612,Fair
613,Unknown
614,Fair
615,Fair
616,Fair
617,Fair
618,Fair
619,Unknown
620,Fair
621,Fair
622,Unknown
623,Unknown
624,Fair
625,Fair
626,Fair
627,Fair
628,Unknown
629,Unknown
630,Fair
631,Fair
632,Fair
633,Fair
634,Fair
635,Unknown
636,Fair
637,Fair
638,Fair
639,Fair
640,Fair
641,Fair
642,Unknown
643,Fair
644,Fair
645,Unknown
646,Fair
647,Fair
648,Unknown
649,Unknown
650,Fair
651,Fair
652,Fair
653,Fair
654,Unknown
655,Fair
656,Unknown
657,Unknown
658,Fair
659,Fair
660,Fair
661,Fair
662,Fair
663,Fair
664,Unknown
665,Fair
666,Unknown
667,Unknown
668,Fair
669,Fair
670,Unknown
671,Fair
672,Fair
673,Fair
674,Fair
675,Fair
676,Unknown
677,Unknown
678,Fair
679,Fair
680,Fair
681,Fair
682,Fair
683,Fair
684,Fair
685,Fair
686,Unknown
687,Unknown
688,Fair
689,Fair
690,Fair
691,Fair
692,Fair
693,Fair
694,Unknown
695,Fair
696,Fair
697,Fair
698,Unknown
699,Unknown
700,Fair
701,Fair
702,Unknown
703,Fair
704,Unknown
705,Fair
706,Fair
707,Fair
708,Unknown
709,Fair
710,Unknown
711,Unknown
712,Unknown
713,Fair
714,Unknown
715,Fair
716,Fair
717,Fair
718,Fair
719,Fair
720,Good
721,Fair
722,Unknown
723,Fair
724,Fair
725,Unknown
726,Fair
727,Unknown
728,Unknown
729,Fair
730,Fair
731,Fair
732,Unknown
733,Fair
734,Fair
735,Fair
736,Unknown
737,Fair
738,Fair
739,Fair
740,Fair
741,Unknown
742,Unknown
743,Fair
744,Unknown
745,Fair
746,Fair
747,Unknown
748,Fair
749,Fair
750,Fair
751,Unknown
752,Fair
753,Fair
754,Unknown
755,Fair
756,Fair
757,Fair
758,Fair
759,Fair
760,Fair
761,Unknown
762,Fair
763,Fair
764,Unknown
765,Unknown
766,Fair
767,Fair
768,Unknown
769,Fair
770,Fair
771,Unknown
772,Fair
773,Fair
774,Unknown
775,Unknown
776,Fair
777,Fair
778,Unknown
779,Unknown
780,Unknown
781,Unknown
782,Unknown
783,Fair
784,Fair
785,Unknown
786,Unknown
787,Unknown
788,Unknown
789,Fair
790,Fair
791,Fair
792,Fair
793,Fair
794,Unknown
795,Fair
796,Fair
797,Unknown
798,Fair
799,Fair
800,Unknown
801,Fair
802,Unknown
803,Fair
804,Fair
805,Fair
806,Fair
807,Unknown
808,Unknown
809,Fair
810,Fair
811,Fair
812,Fair
813,Unknown
814,Fair
815,Fair
816,Fair
817,Unknown
818,Unknown
819,Fair
820,Fair
821,Fair
822,Fair
823,Unknown
824,Fair
825,Fair
826,Fair
827,Fair
828,Fair
829,Fair
830,Fair
831,Fair
832,Fair
833,Fair
834,Fair
835,Unknown
836,Unknown
837,Unknown
838,Fair
839,Fair
840,Unknown
841,Fair
842,Unknown
843,Unknown
844,Fair
845,Fair
846,Fair
847,Unknown
848,Fair
849,Unknown
850,Unknown
851,Fair
852,Fair
853,Unknown
854,Unknown
855,Unknown
856,Fair
857,Fair
858,Fair
859,Unknown
860,Fair
861,Unknown
862,Fair
863,Fair
864,Fair
865,Unknown
866,Unknown
867,Unknown
868,Fair
869,Fair
870,Unknown
871,Unknown
872,Fair
873,Unknown
874,Unknown
875,Fair
876,Fair
877,Fair
878,Fair
879,Fair
880,Unknown
881,Unknown
882,Fair
883,Unknown
884,Unknown
885,Fair
886,Unknown
887,Fair
888,Fair
889,Unknown
890,Fair
891,Unknown
892,Fair
893,Fair
894,Fair
895,Fair
896,Fair
897,Fair
898,Fair
899,Unknown
900,Fair
901,Fair
902,Fair
903,Fair
904,Fair
905,Fair
906,Fair
907,Fair
908,Fair
909,Fair
910,Fair
911,Fair
912,Fair
913,Fair
914,Fair
915,Unknown
916,Fair
917,Fair
918,Fair
919,Fair
920,Unknown
921,Unknown
922,Fair
923,Unknown
924,Fair
925,Unknown
926,Fair
927,Fair
928,Unknown
929,Fair
930,Unknown
931,Fair
932,Fair
933,Unknown
934,Fair
935,Fair
936,Fair
937,Fair
938,Fair
939,Unknown
940,Fair
941,Fair
942,Fair
943,Fair
944,Fair
945,Fair
946,Fair
947,Unknown
948,Fair
949,Unknown
950,Fair
951,Fair
952,Fair
953,Fair
954,Fair
955,Fair
956,Fair
957,Unknown
958,Fair
959,Fair
960,Unknown
961,Fair
962,Fair
963,Unknown
964,Fair
965,Unknown
966,Fair
967,Unknown
968,Fair
969,Fair
970,Unknown
971,Unknown
972,Unknown
973,Fair
974,Fair
975,Fair
976,Fair
977,Fair
978,Fair
979,Unknown
980,Fair
981,Fair
982,Fair
983,Fair
984,Fair
985,Fair
986,Unknown
987,Fair
988,Unknown
989,Unknown
990,Fair
991,Fair
992,Unknown
993,Fair
994,Unknown
995,Unknown
996,Fair
997,Fair
998,Fair
999,Fair
1000,Fair
1001,Fair
1002,Unknown
1003,Fair
1004,Unknown
1005,Fair
1006,Unknown
1007,Fair
1008,Fair
1009,Fair
1010,Unknown
1011,Fair
1012,Fair
1013,Unknown
1014,Unknown
1015,Fair
1016,Fair
1017,Fair
1018,Fair
1019,Fair
1020,Fair
1021,Unknown
1022,Fair
1023,Unknown
1024,Unknown
1025,Unknown
1026,Fair
1027,Fair
1028,Unknown
1029,Unknown
1030,Fair
1031,Good
1032,Unknown
1033,Fair
1034,Fair
1035,Fair
1036,Unknown
1037,Fair
1038,Unknown
1039,Fair
1040,Fair
1041,Fair
1042,Fair
1043,Fair
1044,Fair
1045,Unknown
1046,Fair
1047,Fair
1048,Fair
1049,Fair
1050,Fair
1051,Fair
1052,Fair
1053,Fair
1054,Fair
1055,Fair
1056,Fair
1057,Fair
1058,Fair
1059,Fair
1060,Unknown
1061,Fair
1062,Unknown
1063,Fair
1064,Unknown
1065,Fair
1066,Fair
1067,Unknown
1068,Fair
1069,Fair
1070,Fair
1071,Fair
1072,Unknown
1073,Fair
1074,Fair
1075,Fair
1076,Unknown
1077,Fair
1078,Fair
1079,Fair
1080,Unknown
1081,Unknown
1082,Fair
1083,Fair
1084,Unknown
1085,Fair
1086,Unknown
1087,Unknown
1088,Fair
1089,Fair
1090,Fair
1091,Fair
1092,Fair
1093,Fair
1094,Fair
1095,Fair
1096,Fair
1097,Fair
1098,Fair
1099,Fair
1100,Fair
1101,Fair
1102,Unknown
1103,Fair
1104,Fair
1105,Unknown
1106,Fair
1107,Fair
1108,Fair
1109,Unknown
1110,Fair
1111,Unknown
1112,Fair
1113,Fair
1114,Unknown
1115,Unknown
1116,Fair
1117,Fair
1118,Fair
1119,Fair
1120,Fair
1121,Fair
1122,Fair
1123,Fair
1124,Fair
1125,Fair
1126,Fair
1127,Unknown
1128,Fair
1129,Unknown
1130,Unknown
1131,Fair
1132,Unknown
1133,Fair
1134,Unknown
1135,Fair
1136,Fair
1137,Unknown
1138,Fair
1139,Unknown
1140,Fair
1141,Fair
1142,Unknown
1143,Fair
1144,Fair
1145,Unknown
1146,Fair
1147,Fair
1148,Fair
1149,Fair
1150,Fair
1151,Unknown
1152,Fair
1153,Fair
1154,Fair
1155,Fair
1156,Fair
1157,Unknown
1158,Fair
1159,Fair
1160,Fair
1161,Fair
1162,Fair
1163,Fair
1164,Unknown
1165,Fair
1166,Unknown
1167,Fair
1168,Unknown
1169,Fair
1170,Fair
1171,Fair
1172,Fair
1173,Fair
1174,Fair
1175,Fair
1176,Fair
1177,Fair
1178,Unknown
1179,Unknown
1180,Unknown
1181,Fair
1182,Fair
1183,Fair
1184,Fair
1185,Unknown
1186,Fair
1187,Fair
1188,Fair
1189,Fair
1190,Fair
1191,Fair
1192,Fair
1193,Fair
1194,Unknown
1195,Fair
1196,Unknown
1197,Unknown
1198,Fair
1199,Fair
1200,Fair
1201,Unknown
1202,Fair
1203,Unknown
1204,Fair
1205,Fair
1206,Fair
1207,Unknown
1208,Fair
1209,Fair
1210,Unknown
1211,Fair
1212,Fair
1213,Fair
1214,Fair
1215,Unknown
1216,Fair
1217,Fair
1218,Fair
1219,Unknown
1220,Fair
1221,Fair
1222,Fair
1223,Fair
1224,Fair
1225,Fair
1226,Unknown
1227,Fair
1228,Fair
1229,Fair
1230,Fair
1231,Fair
1232,Fair
1233,Fair
1234,Unknown
1235,Fair
1236,Fair
1237,Unknown
1238,Fair
1239,Fair
1240,Unknown
1241,Fair
1242,Unknown
1243,Fair
1244,Unknown
1245,Fair
1246,Unknown
1247,Unknown
1248,Unknown
1249,Fair
1250,Unknown
1251,Fair
1252,Fair
1253,Fair
1254,Fair
1255,Unknown
1256,Fair
1257,Unknown
1258,Fair
1259,Fair
1260,Fair
1261,Fair
1262,Unknown
1263,Unknown
1264,Fair
1265,Unknown
1266,Unknown
1267,Fair
1268,Unknown
1269,Fair
1270,Fair
1271,Unknown
1272,Fair
1273,Fair
1274,Unknown
1275,Fair
1276,Fair
1277,Unknown
1278,Unknown
1279,Fair
1280,Fair
1281,Fair
1282,Fair
1283,Fair
1284,Fair
1285,Unknown
1286,Unknown
1287,Unknown
1288,Fair
1289,Unknown
1290,Fair
1291,Good
1292,Fair
1293,Fair
1294,Fair
1295,Fair
1296,Fair
1297,Fair
1298,Fair
1299,Fair
1300,Unknown
1301,Fair
1302,Fair
1303,Fair
1304,Fair
1305,Fair
1306,Fair
1307,Unknown
1308,Fair
1309,Fair
1310,Fair
1311,Fair
1312,Fair
1313,Fair
1314,Fair
1315,Fair
1316,Fair
1317,Unknown
1318,Fair
1319,Fair
1320,Fair
1321,Fair
1322,Unknown
1323,Unknown
1324,Fair
1325,Fair
1326,Unknown
1327,Fair
1328,Unknown
1329,Unknown
1330,Fair
1331,Unknown
1332,Unknown
1333,Fair
1334,Fair
1335,Fair
1336,Fair
1337,Fair
1338,Fair
1339,Fair
1340,Fair
1341,Fair
1342,Fair
1343,Unknown
1344,Unknown
1345,Fair
1346,Fair
1347,Fair
1348,Fair
1349,Fair
1350,Fair
1351,Fair
1352,Unknown
1353,Fair
1354,Unknown
1355,Fair
1356,Fair
1357,Fair
1358,Fair
1359,Fair
1360,Fair
1361,Fair
1362,Fair
1363,Fair
1364,Fair
1365,Fair
1366,Unknown
1367,Fair
1368,Fair
1369,Unknown
1370,Fair
1371,Unknown
1372,Unknown
1373,Fair
1374,Fair
1375,Fair
1376,Fair
1377,Fair
1378,Fair
1379,Fair
1380,Fair
1381,Fair
1382,Unknown
1383,Fair
1384,Fair
1385,Unknown
1386,Unknown
1387,Fair
1388,Fair
1389,Fair
1390,Fair
1391,Fair
1392,Fair
1393,Fair
1394,Fair
1395,Fair
1396,Fair
1397,Unknown
1398,Unknown
1399,Fair
1400,Fair
1401,Fair
1402,Fair
1403,Fair
1404,Fair
1405,Fair
1406,Fair
1407,Fair
1408,Fair
1409,Fair
1410,Unknown
1411,Unknown
1412,Fair
1413,Unknown
1414,Unknown
1415,Unknown
1416,Unknown
1417,Unknown
1418,Fair
1419,Fair
1420,Fair
1421,Fair
1422,Fair
1423,Unknown
1424,Fair
1425,Fair
1426,Fair
1427,Fair
1428,Fair
1429,Fair
1430,Fair
1431,Fair
1432,Fair
1433,Unknown
1434,Fair
1435,Unknown
1436,Fair
1437,Fair
1438,Fair
1439,Fair
1440,Fair
1441,Fair
1442,Fair
1443,Fair
1444,Fair
1445,Fair
1446,Fair
1447,Unknown
1448,Fair
1449,Fair
1450,Fair
1451,Unknown
1452,Fair
1453,Fair
1454,Fair
1455,Fair
1456,Fair
1457,Fair
1458,Fair
1459,Fair
1460,Unknown
1461,Fair
1462,Fair
1463,Fair
1464,Unknown
1465,Fair
1466,Fair
1467,Fair
1468,Fair
1469,Unknown
1470,Unknown
1471,Unknown
1472,Fair
1473,Fair
1474,Unknown
1475,Unknown
1476,Fair
1477,Fair
1478,Unknown
1479,Fair
1480,Fair
1481,Fair
1482,Fair
1483,Fair
1484,Fair
1485,Fair
1486,Fair
1487,Unknown
1488,Fair
1489,Fair
1490,Fair
1491,Fair
1492,Fair
1493,Unknown
1494,Unknown
1495,Unknown
1496,Unknown
1497,Fair
1498,Fair
1499,Unknown
1500,Fair
1501,Fair
1502,Fair
1503,Fair
1504,Fair
1505,Fair
1506,Fair
1507,Fair
1508,Unknown
1509,Fair
1510,Fair
1511,Fair
1512,Fair
1513,Unknown
1514,Unknown
1515,Fair
1516,Fair
1517,Unknown
1518,Fair
1519,Fair
1520,Fair
1521,Fair
1522,Unknown
1523,Fair
1524,Fair
1525,Fair
1526,Fair
1527,Fair
1528,Fair
1529,Unknown
1530,Fair
1531,Unknown
1532,Fair
1533,Unknown
1534,Fair
1535,Unknown
1536,Fair
1537,Fair
1538,Unknown
1539,Fair
1540,Fair
1541,Fair
1542,Fair
1543,Fair
1544,Fair
1545,Fair
1546,Fair
1547,Fair
1548,Fair
1549,Fair
1550,Fair
1551,Fair
1552,Unknown
1553,Fair
1554,Fair
1555,Fair
1556,Fair
1557,Fair
1558,Unknown
1559,Fair
1560,Unknown
1561,Fair
1562,Unknown
1563,Fair
1564,Unknown
1565,Fair
1566,Unknown
1567,Fair
1568,Fair
1569,Unknown
1570,Unknown
1571,Unknown
1572,Fair
1573,Fair
1574,Fair
1575,Fair
1576,Unknown
1577,Fair
1578,Fair
1579,Unknown
1580,Fair
1581,Fair
1582,Fair
1583,Fair
1584,Unknown
1585,Fair
1586,Unknown
1587,Fair
1588,Fair
1589,Fair
1590,Fair
1591,Fair
1592,Fair
1593,Fair
1594,Unknown
1595,Unknown
1596,Fair
1597,Fair
1598,Unknown
1599,Fair
1600,Unknown
1601,Unknown
1602,Unknown
1603,Fair
1604,Fair
1605,Fair
1606,Fair
1607,Fair
1608,Unknown
1609,Unknown
1610,Unknown
1611,Fair
1612,Unknown
1613,Unknown
1614,Unknown
1615,Unknown
1616,Fair
1617,Fair
1618,Fair
1619,Unknown
1620,Fair
1621,Fair
1622,Unknown
1623,Unknown
1624,Fair
1625,Fair
1626,Fair
1627,Fair
1628,Fair
1629,Fair
1630,Fair
1631,Fair
1632,Unknown
1633,Fair
1634,Fair
1635,Fair
1636,Fair
1637,Unknown
1638,Unknown
1639,Fair
1640,Fair
1641,Unknown
1642,Fair
1643,Fair
1644,Fair
1645,Unknown
1646,Fair
1647,Fair
1648,Fair
1649,Fair
1650,Unknown
1651,Fair
1652,Fair
1653,Fair
1654,Fair
1655,Unknown
1656,Fair
1657,Fair
1658,Fair
1659,Fair
1660,Fair
1661,Fair
1662,Fair
1663,Fair
1664,Fair
1665,Fair
1666,Fair
1667,Unknown
1668,Fair
1669,Fair
1670,Fair
1671,Fair
1672,Fair
1673,Fair
1674,Fair
1675,Fair
1676,Unknown
1677,Fair
1678,Fair
1679,Unknown
1680,Fair
1681,Fair
1682,Fair
1683,Fair
1684,Fair
1685,Fair
1686,Fair
1687,Unknown
1688,Fair
1689,Fair
1690,Fair
1691,Unknown
1692,Fair
1693,Unknown
1694,Unknown
1695,Unknown
1696,Fair
1697,Fair
1698,Fair
1699,Unknown
1700,Fair
1701,Fair
1702,Fair
1703,Unknown
1704,Fair
1705,Fair
1706,Fair
1707,Fair
1708,Unknown
1709,Fair
1710,Fair
1711,Fair
1712,Fair
1713,Unknown
1714,Unknown
1715,Unknown
1716,Unknown
1717,Fair
1718,Fair
1719,Unknown
1720,Fair
1721,Unknown
1722,Unknown
1723,Fair
1724,Unknown
1725,Fair
1726,Fair
1727,Fair
1728,Fair
1729,Fair
1730,Unknown
1731,Fair
1732,Unknown
1733,Unknown
1734,Fair
1735,Fair
1736,Unknown
1737,Fair
1738,Fair
1739,Fair
1740,Fair
1741,Unknown
1742,Unknown
1743,Unknown
1744,Fair
1745,Fair
1746,Fair
1747,Unknown
1748,Unknown
1749,Fair
1750,Fair
1751,Unknown
1752,Fair
1753,Unknown
1754,Fair
1755,Fair
1756,Fair
1757,Fair
1758,Fair
1759,Fair
1760,Fair
1761,Unknown
1762,Fair
1763,Fair
1764,Fair
1765,Unknown
1766,Fair
1767,Fair
1768,Fair
1769,Fair
1770,Fair
1771,Fair
1772,Fair
1773,Unknown
1774,Fair
1775,Fair
1776,Unknown
1777,Unknown
1778,Unknown
1779,Fair
1780,Unknown
1781,Fair
1782,Unknown
1783,Unknown
1784,Fair
1785,Unknown
1786,Unknown
1787,Fair
1788,Unknown
1789,Fair
1790,Unknown
1791,Fair
1792,Fair
1793,Fair
1794,Fair
1795,Fair
1796,Unknown
1797,Fair
1798,Fair
1799,Fair
1800,Fair
1801,Fair
1802,Fair
1803,Fair
1804,Unknown
1805,Fair
1806,Fair
1807,Unknown
1808,Fair
1809,Good
1810,Fair
1811,Fair
1812,Fair
1813,Unknown
1814,Fair
1815,Fair
1816,Fair
1817,Fair
1818,Unknown
1819,Unknown
1820,Fair
1821,Fair
1822,Fair
1823,Unknown
1824,Fair
1825,Fair
1826,Unknown
1827,Unknown
1828,Unknown
1829,Fair
1830,Fair
1831,Unknown
1832,Fair
1833,Fair
1834,Unknown
1835,Fair
1836,Fair
1837,Fair
1838,Fair
1839,Fair
1840,Unknown
1841,Unknown
1842,Fair
1843,Fair
1844,Fair
1845,Fair
1846,Fair
1847,Fair
1848,Fair
1849,Fair
1850,Fair
1851,Unknown
1852,Unknown
1853,Fair
1854,Fair
1855,Fair
1856,Unknown
1857,Fair
1858,Unknown
1859,Fair
1860,Fair
1861,Unknown
1862,Good
1863,Fair
1864,Fair
1865,Fair
1866,Unknown
1867,Fair
1868,Fair
1869,Fair
1870,Fair
1871,Fair
1872,Fair
1873,Fair
1874,Fair
1875,Fair
1876,Fair
1877,Unknown
1878,Fair
1879,Unknown
1880,Fair
1881,Unknown
1882,Fair
1883,Unknown
1884,Fair
1885,Fair
1886,Fair
1887,Fair
1888,Unknown
1889,Unknown
1890,Unknown
1891,Fair
1892,Unknown
1893,Fair
1894,Fair
1895,Fair
1896,Fair
1897,Unknown
1898,Fair
1899,Fair
1900,Fair
1901,Fair
1902,Fair
1903,Fair
1904,Unknown
1905,Fair
1906,Unknown
1907,Fair
1908,Fair
1909,Unknown
1910,Unknown
1911,Unknown
1912,Unknown
1913,Fair
1914,Unknown
1915,Fair
1916,Fair
1917,Unknown
1918,Fair
1919,Fair
1920,Fair
1921,Unknown
1922,Unknown
1923,Fair
1924,Unknown
1925,Fair
1926,Fair
1927,Unknown
1928,Unknown
1929,Unknown
1930,Fair
1931,Fair
1932,Fair
1933,Fair
1934,Unknown
1935,Fair
1936,Unknown
1937,Fair
1938,Fair
1939,Unknown
1940,Fair
1941,Fair
1942,Unknown
1943,Fair
1944,Fair
1945,Fair
1946,Fair
1947,Fair
1948,Fair
1949,Unknown
1950,Fair
1951,Fair
1952,Fair
1953,Unknown
1954,Fair
1955,Fair
1956,Fair
1957,Fair
1958,Fair
1959,Fair
1960,Unknown
1961,Fair
1962,Fair
1963,Fair
1964,Fair
1965,Good
1966,Fair
1967,Unknown
1968,Fair
1969,Unknown
1970,Fair
1971,Fair
1972,Unknown
1973,Fair
1974,Unknown
1975,Fair
1976,Fair
1977,Fair
1978,Fair
1979,Fair
1980,Fair
1981,Unknown
1982,Fair
1983,Fair
1984,Fair
1985,Fair
1986,Unknown
1987,Fair
1988,Fair
1989,Fair
1990,Fair
1991,Fair
1992,Fair
1993,Fair
1994,Fair
1995,Fair
1996,Unknown
1997,Fair
1998,Fair
1999,Fair
2000,Fair
2001,Unknown
2002,Fair
2003,Fair
2004,Fair
2005,Fair
2006,Fair
2007,Unknown
2008,Fair
2009,Fair
2010,Fair
2011,Fair
2012,Unknown
2013,Fair
2014,Fair
2015,Fair
2016,Unknown
2017,Fair
2018,Fair
2019,Fair
2020,Fair
2021,Fair
2022,Fair
2023,Unknown
2024,Fair
2025,Fair
2026,Fair
2027,Unknown
2028,Fair
2029,Unknown
2030,Fair
2031,Fair
2032,Fair
2033,Fair
2034,Fair
2035,Fair
2036,Fair
2037,Unknown
2038,Fair
2039,Fair
2040,Fair
2041,Unknown
2042,Unknown
2043,Fair
2044,Fair
2045,Fair
2046,Fair
2047,Fair
2048,Unknown
2049,Fair
2050,Unknown
2051,Fair
2052,Fair
2053,Unknown
2054,Fair
2055,Unknown
2056,Fair
2057,Unknown
2058,Unknown
2059,Fair
2060,Fair
2061,Fair
2062,Unknown
2063,Fair
2064,Fair
2065,Fair
2066,Fair
2067,Fair
2068,Fair
2069,Fair
2070,Fair
2071,Unknown
2072,Fair
2073,Unknown
2074,Fair
2075,Fair
2076,Fair
2077,Fair
2078,Unknown
2079,Fair
2080,Unknown
2081,Fair
2082,Fair
2083,Fair
2084,Fair
2085,Fair
2086,Unknown
2087,Fair
2088,Fair
2089,Unknown
2090,Good
2091,Unknown
2092,Fair
2093,Fair
2094,Fair
2095,Good
2096,Fair
2097,Fair
2098,Fair
2099,Unknown
2100,Fair
2101,Fair
2102,Fair
2103,Unknown
2104,Fair
2105,Fair
2106,Fair
2107,Unknown
2108,Fair
2109,Fair
2110,Unknown
2111,Fair
2112,Fair
2113,Fair
2114,Fair
2115,Fair
2116,Fair
2117,Fair
2118,Fair
2119,Fair
2120,Fair
2121,Fair
2122,Unknown
2123,Fair
2124,Fair
2125,Unknown
2126,Fair
2127,Unknown
2128,Unknown
2129,Fair
2130,Fair
2131,Unknown
2132,Fair
2133,Unknown
2134,Fair
2135,Fair
2136,Fair
2137,Fair
2138,Fair
2139,Unknown
2140,Unknown
2141,Fair
2142,Fair
2143,Fair
2144,Fair
2145,Unknown
2146,Fair
2147,Fair
2148,Fair
2149,Fair
2150,Fair
2151,Fair
2152,Fair
2153,Unknown
2154,Fair
2155,Fair
2156,Fair
2157,Fair
2158,Unknown
2159,Fair
2160,Fair
2161,Unknown
2162,Fair
2163,Unknown
2164,Fair
2165,Fair
2166,Fair
2167,Unknown
2168,Fair
2169,Fair
2170,Fair
2171,Fair
2172,Fair
2173,Unknown
2174,Fair
2175,Unknown
2176,Fair
2177,Fair
2178,Fair
2179,Fair
2180,Fair
2181,Unknown
2182,Fair
2183,Fair
2184,Fair
2185,Fair
2186,Fair
2187,Fair
2188,Fair
2189,Fair
2190,Fair
2191,Fair
2192,Fair
2193,Fair
2194,Fair
2195,Fair
2196,Fair
2197,Unknown
2198,Fair
2199,Fair
2200,Fair
2201,Unknown
2202,Unknown
2203,Fair
2204,Fair
2205,Fair
2206,Fair
2207,Fair
2208,Fair
2209,Fair
2210,Fair
2211,Fair
2212,Fair
2213,Fair
2214,Fair
2215,Fair
2216,Unknown
2217,Fair
2218,Fair
2219,Unknown
2220,Unknown
2221,Fair
2222,Fair
2223,Fair
2224,Fair
2225,Fair
2226,Fair
2227,Unknown
2228,Fair
2229,Unknown
2230,Unknown
2231,Fair
2232,Unknown
2233,Unknown
2234,Fair
2235,Fair
2236,Unknown
2237,Fair
2238,Fair
2239,Fair
2240,Fair
2241,Fair
2242,Fair
2243,Unknown
2244,Fair
2245,Fair
2246,Unknown
2247,Unknown
2248,Unknown
2249,Fair
2250,Fair
2251,Fair
2252,Unknown
2253,Fair
2254,Fair
2255,Fair
2256,Unknown
2257,Unknown
2258,Fair
2259,Fair
2260,Fair
2261,Fair
2262,Unknown
2263,Fair
2264,Unknown
2265,Fair
2266,Fair
2267,Unknown
2268,Fair
2269,Unknown
2270,Fair
2271,Fair
2272,Fair
2273,Fair
2274,Unknown
2275,Fair
2276,Fair
2277,Fair
2278,Unknown
2279,Fair
2280,Fair
2281,Fair
2282,Fair
2283,Unknown
2284,Unknown
2285,Fair
2286,Unknown
2287,Unknown
2288,Unknown
2289,Fair
2290,Unknown
2291,Fair
2292,Fair
2293,Fair
2294,Fair
2295,Unknown
2296,Fair
2297,Fair
2298,Unknown
2299,Fair
2300,Fair
2301,Fair
2302,Unknown
2303,Unknown
2304,Unknown
2305,Unknown
2306,Fair
2307,Unknown
2308,Fair
2309,Fair
2310,Unknown
2311,Unknown
2312,Fair
2313,Fair
2314,Fair
2315,Fair
2316,Unknown
2317,Fair
2318,Unknown
2319,Unknown
2320,Unknown
2321,Fair
2322,Fair
2323,Fair
2324,Fair
2325,Unknown
2326,Fair
2327,Unknown
2328,Unknown
2329,Fair
2330,Unknown
2331,Fair
2332,Unknown
2333,Fair
2334,Fair
2335,Unknown
2336,Fair
2337,Fair
2338,Fair
2339,Unknown
2340,Unknown
2341,Unknown
2342,Fair
2343,Fair
2344,Fair
2345,Fair
2346,Unknown
2347,Fair
2348,Unknown
2349,Fair
2350,Fair
2351,Fair
2352,Fair
2353,Fair
2354,Fair
2355,Fair
2356,Fair
2357,Unknown
2358,Unknown
2359,Unknown
2360,Unknown
2361,Unknown
2362,Fair
2363,Fair
2364,Fair
2365,Fair
2366,Fair
2367,Fair
2368,Unknown
2369,Fair
2370,Fair
2371,Fair
2372,Fair
2373,Fair
2374,Fair
2375,Unknown
2376,Fair
2377,Unknown
2378,Fair
2379,Unknown
2380,Fair
2381,Fair
2382,Fair
2383,Fair
2384,Unknown
2385,Fair
2386,Unknown
2387,Unknown
2388,Fair
2389,Fair
2390,Unknown
2391,Fair
2392,Fair
2393,Fair
2394,Unknown
2395,Fair
2396,Fair
2397,Fair
2398,Unknown
2399,Fair
2400,Unknown
2401,Fair
2402,Fair
2403,Fair
2404,Unknown
2405,Unknown
2406,Fair
2407,Fair
2408,Fair
2409,Fair
2410,Unknown
2411,Unknown
2412,Unknown
2413,Fair
2414,Fair
2415,Unknown
2416,Unknown
2417,Fair
2418,Fair
2419,Fair
2420,Fair
2421,Fair
2422,Unknown
2423,Fair
2424,Fair
2425,Fair
2426,Fair
2427,Fair
2428,Fair
2429,Fair
2430,Fair
2431,Fair
2432,Fair
2433,Fair
2434,Fair
2435,Fair
2436,Unknown
2437,Fair
2438,Fair
2439,Fair
2440,Fair
2441,Fair
2442,Fair
2443,Fair
2444,Unknown
2445,Fair
2446,Fair
2447,Fair
2448,Fair
2449,Fair
2450,Fair
2451,Fair
2452,Fair
2453,Fair
2454,Unknown
2455,Fair
2456,Fair
2457,Fair
2458,Fair
2459,Unknown
2460,Fair
2461,Unknown
2462,Unknown
2463,Fair
2464,Fair
2465,Unknown
2466,Fair
2467,Unknown
2468,Fair
2469,Fair
2470,Unknown
2471,Unknown
2472,Fair
2473,Fair
2474,Unknown
2475,Unknown
2476,Fair
2477,Fair
2478,Fair
2479,Unknown
2480,Fair
2481,Fair
2482,Fair
2483,Fair
2484,Fair
2485,Fair
2486,Unknown
2487,Fair
2488,Fair
2489,Unknown
2490,Unknown
2491,Unknown
2492,Unknown
2493,Fair
2494,Fair
2495,Unknown
2496,Fair
2497,Fair
2498,Unknown
2499,Unknown
2500,Fair
2501,Fair
2502,Fair
2503,Unknown
2504,Unknown
2505,Fair
2506,Unknown
2507,Fair
2508,Fair
2509,Fair
2510,Fair
2511,Fair
2512,Unknown
2513,Fair
2514,Fair
2515,Fair
2516,Unknown
2517,Fair
2518,Fair
2519,Unknown
2520,Fair
2521,Fair
2522,Unknown
2523,Fair
2524,Fair
2525,Unknown
2526,Fair
2527,Fair
2528,Fair
2529,Unknown
2530,Unknown
2531,Fair
2532,Fair
2533,Unknown
2534,Fair
2535,Fair
2536,Unknown
2537,Fair
2538,Fair
2539,Unknown
2540,Fair
2541,Fair
2542,Fair
2543,Fair
2544,Unknown
2545,Unknown
2546,Fair
2547,Unknown
2548,Unknown
2549,Fair
2550,Fair
2551,Unknown
2552,Fair
2553,Unknown
2554,Unknown
2555,Fair
2556,Unknown
2557,Unknown
2558,Fair
2559,Fair
2560,Fair
2561,Unknown
2562,Fair
2563,Unknown
2564,Fair
2565,Unknown
2566,Fair
2567,Fair
2568,Fair
2569,Fair
2570,Fair
2571,Fair
2572,Fair
2573,Unknown
2574,Fair
2575,Fair
2576,Fair
2577,Fair
2578,Fair
2579,Fair
2580,Unknown
2581,Unknown
2582,Unknown
2583,Unknown
2584,Fair
2585,Fair
2586,Fair
2587,Unknown
2588,Fair
2589,Unknown
2590,Unknown
2591,Fair
2592,Fair
2593,Fair
2594,Fair
2595,Fair
2596,Unknown
2597,Fair
2598,Unknown
2599,Unknown
2600,Fair
2601,Fair
2602,Fair
2603,Fair
2604,Fair
2605,Unknown
2606,Unknown
2607,Unknown
2608,Fair
2609,Fair
2610,Fair
2611,Fair
2612,Unknown
2613,Fair
2614,Fair
2615,Unknown
2616,Fair
2617,Unknown
2618,Unknown
2619,Unknown
2620,Unknown
2621,Unknown
2622,Fair
2623,Fair
2624,Fair
2625,Fair
2626,Fair
2627,Fair
2628,Fair
2629,Fair
2630,Fair
2631,Fair
2632,Unknown
2633,Fair
2634,Fair
2635,Unknown
2636,Fair
2637,Fair
2638,Unknown
2639,Fair
2640,Unknown
2641,Fair
2642,Unknown
2643,Fair
2644,Fair
2645,Fair
2646,Fair
2647,Fair
2648,Fair
2649,Fair
2650,Fair
2651,Unknown
2652,Fair
2653,Fair
2654,Fair
2655,Fair
2656,Unknown
2657,Fair
2658,Fair
2659,Unknown
2660,Fair
2661,Fair
2662,Unknown
2663,Fair
2664,Unknown
2665,Fair
2666,Fair
2667,Unknown
2668,Good
2669,Fair
2670,Fair
2671,Fair
2672,Fair
2673,Fair
2674,Fair
2675,Fair
2676,Fair
2677,Fair
2678,Fair
2679,Unknown
2680,Fair
2681,Fair
2682,Fair
2683,Fair
2684,Fair
2685,Fair
2686,Fair
2687,Fair
2688,Unknown
2689,Fair
2690,Fair
2691,Fair
2692,Fair
2693,Fair
2694,Unknown
2695,Fair
2696,Fair
2697,Fair
2698,Fair
2699,Fair
2700,Unknown
2701,Unknown
2702,Fair
2703,Fair
2704,Unknown
2705,Fair
2706,Fair
2707,Fair
2708,Unknown
2709,Fair
2710,Unknown
2711,Fair
2712,Fair
2713,Fair
2714,Fair
2715,Fair
2716,Unknown
2717,Fair
2718,Fair
2719,Fair
2720,Fair
2721,Unknown
2722,Fair
2723,Fair
2724,Unknown
2725,Fair
2726,Unknown
2727,Fair
2728,Fair
2729,Fair
2730,Fair
2731,Fair
2732,Unknown
2733,Unknown
2734,Unknown
2735,Unknown
2736,Unknown
2737,Unknown
2738,Unknown
2739,Fair
2740,Unknown
2741,Good
2742,Fair
2743,Fair
2744,Unknown
2745,Fair
2746,Fair
2747,Fair
2748,Fair
2749,Fair
2750,Fair
2751,Unknown
2752,Unknown
2753,Fair
2754,Unknown
2755,Fair
2756,Unknown
2757,Fair
2758,Fair
2759,Fair
2760,Fair
2761,Fair
2762,Fair
2763,Fair
2764,Fair
2765,Unknown
2766,Unknown
2767,Fair
2768,Fair
2769,Unknown
2770,Unknown
2771,Fair
2772,Fair
2773,Fair
2774,Fair
2775,Unknown
2776,Unknown
2777,Unknown
2778,Unknown
2779,Unknown
2780,Fair
2781,Fair
2782,Fair
2783,Fair
2784,Fair
2785,Fair
2786,Fair
2787,Unknown
2788,Unknown
2789,Fair
2790,Fair
2791,Unknown
2792,Fair
2793,Unknown
2794,Fair
2795,Fair
2796,Fair
2797,Unknown
2798,Fair
2799,Fair
2800,Unknown
2801,Fair
2802,Fair
2803,Fair
2804,Fair
2805,Unknown
2806,Fair
2807,Fair
2808,Unknown
2809,Fair
2810,Fair
2811,Fair
2812,Fair
2813,Fair
2814,Fair
2815,Fair
2816,Fair
2817,Fair
2818,Fair
2819,Fair
2820,Fair
2821,Unknown
2822,Fair
2823,Unknown
2824,Unknown
2825,Fair
2826,Fair
2827,Fair
2828,Unknown
2829,Unknown
2830,Fair
2831,Fair
2832,Unknown
2833,Unknown
2834,Fair
2835,Fair
2836,Fair
2837,Unknown
2838,Fair
2839,Fair
2840,Unknown
2841,Fair
2842,Unknown
2843,Unknown
2844,Fair
2845,Fair
2846,Fair
2847,Fair
2848,Fair
2849,Unknown
2850,Fair
2851,Unknown
2852,Fair
2853,Fair
2854,Fair
2855,Unknown
2856,Fair
2857,Fair
2858,Unknown
2859,Fair
2860,Unknown
2861,Fair
2862,Fair
2863,Unknown
2864,Fair
2865,Unknown
2866,Unknown
2867,Unknown
2868,Fair
2869,Fair
2870,Fair
2871,Fair
2872,Unknown
2873,Fair
2874,Fair
2875,Unknown
2876,Fair
2877,Fair
2878,Fair
2879,Fair
2880,Unknown
2881,Unknown
2882,Fair
2883,Fair
2884,Fair
2885,Fair
2886,Fair
2887,Fair
2888,Fair
2889,Fair
2890,Unknown
2891,Fair
2892,Fair
2893,Unknown
2894,Fair
2895,Fair
2896,Unknown
2897,Fair
2898,Fair
2899,Fair
2900,Fair
2901,Fair
2902,Unknown
2903,Fair
2904,Fair
2905,Fair
2906,Unknown
2907,Unknown
2908,Fair
2909,Unknown
2910,Fair
2911,Fair
2912,Fair
2913,Unknown
2914,Fair
2915,Unknown
2916,Unknown
2917,Fair
2918,Fair
2919,Fair
2920,Unknown
2921,Unknown
2922,Unknown
2923,Fair
2924,Unknown
2925,Unknown
2926,Fair
2927,Unknown
2928,Fair
2929,Fair
2930,Fair
2931,Unknown
2932,Unknown
2933,Fair
2934,Fair
2935,Unknown
2936,Fair
2937,Fair
2938,Unknown
2939,Fair
2940,Fair
2941,Unknown
2942,Fair
2943,Unknown
2944,Fair
2945,Fair
2946,Fair
2947,Unknown
2948,Unknown
2949,Unknown
2950,Good
2951,Fair
2952,Fair
2953,Unknown
2954,Fair
2955,Fair
2956,Fair
2957,Unknown
2958,Unknown
2959,Fair
2960,Unknown
2961,Fair
2962,Unknown
2963,Unknown
2964,Fair
2965,Fair
2966,Fair
2967,Fair
2968,Fair
2969,Fair
2970,Fair
2971,Fair
2972,Unknown
2973,Unknown
2974,Fair
2975,Unknown
2976,Fair
2977,Fair
2978,Fair
2979,Fair
2980,Fair
2981,Fair
2982,Fair
2983,Fair
2984,Fair
2985,Fair
2986,Fair
2987,Fair
2988,Unknown
2989,Fair
2990,Fair
2991,Fair
2992,Fair
2993,Fair
2994,Fair
2995,Fair
2996,Fair
2997,Fair
2998,Unknown
2999,Fair
3000,Unknown
3001,Fair
3002,Unknown
3003,Fair
3004,Fair
3005,Fair
3006,Fair
3007,Unknown
3008,Fair
3009,Fair
3010,Fair
3011,Fair
3012,Fair
3013,Unknown
3014,Unknown
3015,Unknown
3016,Fair
3017,Fair
3018,Unknown
3019,Unknown
3020,Fair
3021,Fair
3022,Unknown
3023,Unknown
3024,Fair
3025,Unknown
3026,Fair
3027,Unknown
3028,Fair
3029,Fair
3030,Fair
3031,Fair
3032,Unknown
3033,Fair
3034,Unknown
3035,Unknown
3036,Unknown
3037,Fair
3038,Fair
3039,Fair
3040,Unknown
3041,Fair
3042,Good
3043,Fair
3044,Fair
3045,Unknown
3046,Unknown
3047,Fair
3048,Unknown
3049,Unknown
3050,Fair
3051,Fair
3052,Fair
3053,Fair
3054,Unknown
3055,Fair
3056,Fair
3057,Unknown
3058,Unknown
3059,Fair
3060,Fair
3061,Fair
3062,Fair
3063,Unknown
3064,Fair
3065,Unknown
3066,Fair
3067,Fair
3068,Unknown
3069,Unknown
3070,Unknown
3071,Unknown
3072,Unknown
3073,Fair
3074,Fair
3075,Fair
3076,Unknown
3077,Unknown
3078,Fair
3079,Unknown
3080,Fair
3081,Unknown
3082,Fair
3083,Fair
3084,Fair
3085,Fair
3086,Fair
3087,Fair
3088,Unknown
3089,Fair
3090,Fair
3091,Fair
3092,Unknown
3093,Fair
3094,Unknown
3095,Unknown
3096,Unknown
3097,Unknown
3098,Unknown
3099,Fair
3100,Fair
3101,Unknown
3102,Fair
3103,Unknown
3104,Unknown
3105,Fair
3106,Unknown
3107,Fair
3108,Unknown
3109,Fair
3110,Fair
3111,Fair
3112,Unknown
3113,Fair
3114,Unknown
3115,Unknown
3116,Fair
3117,Fair
3118,Unknown
3119,Fair
3120,Fair
3121,Fair
3122,Fair
3123,Fair
3124,Unknown
3125,Fair
3126,Fair
3127,Fair
3128,Fair
3129,Unknown
3130,Fair
3131,Fair
3132,Fair
3133,Unknown
3134,Unknown
3135,Fair
3136,Fair
3137,Fair
3138,Fair
3139,Unknown
3140,Fair
3141,Fair
3142,Fair
3143,Fair
3144,Unknown
3145,Unknown
3146,Fair
3147,Fair
3148,Fair
3149,Fair
3150,Fair
3151,Fair
3152,Fair
3153,Unknown
3154,Fair
3155,Fair
3156,Fair
3157,Fair
3158,Fair
3159,Fair
3160,Unknown
3161,Unknown
3162,Fair
3163,Unknown
3164,Unknown
3165,Unknown
3166,Fair
3167,Unknown
3168,Fair
3169,Fair
3170,Fair
3171,Fair
3172,Unknown
3173,Unknown
3174,Fair
3175,Unknown
3176,Fair
3177,Unknown
3178,Unknown
3179,Fair
3180,Fair
3181,Fair
3182,Unknown
3183,Fair
3184,Unknown
3185,Fair
3186,Fair
3187,Fair
3188,Fair
3189,Unknown
3190,Fair
3191,Fair
3192,Unknown
3193,Fair
3194,Fair
3195,Fair
3196,Fair
3197,Fair
3198,Unknown
3199,Good
3200,Unknown
3201,Fair
3202,Fair
3203,Unknown
3204,Unknown
3205,Fair
3206,Fair
3207,Fair
3208,Fair
3209,Fair
3210,Unknown
3211,Unknown
3212,Fair
3213,Fair
3214,Fair
3215,Fair
3216,Fair
3217,Fair
3218,Fair
3219,Fair
3220,Fair
3221,Unknown
3222,Unknown
3223,Fair
3224,Fair
3225,Unknown
3226,Unknown
3227,Unknown
3228,Fair
3229,Fair
3230,Fair
3231,Fair
3232,Fair
3233,Fair
3234,Unknown
3235,Unknown
3236,Fair
3237,Fair
3238,Fair
3239,Fair
3240,Unknown
3241,Fair
3242,Fair
3243,Unknown
3244,Fair
3245,Fair
3246,Fair
3247,Fair
3248,Fair
3249,Unknown
3250,Fair
3251,Fair
3252,Fair
3253,Fair
3254,Unknown
3255,Fair
3256,Unknown
3257,Fair
3258,Unknown
3259,Fair
3260,Fair
3261,Fair
3262,Fair
3263,Unknown
3264,Fair
3265,Unknown
3266,Fair
3267,Fair
3268,Unknown
3269,Unknown
3270,Fair
3271,Fair
3272,Unknown
3273,Fair
3274,Fair
3275,Fair
3276,Unknown
3277,Unknown
3278,Fair
3279,Unknown
3280,Fair
3281,Fair
3282,Fair
3283,Fair
3284,Unknown
3285,Unknown
3286,Good
3287,Fair
3288,Fair
3289,Unknown
3290,Fair
3291,Fair
3292,Fair
3293,Fair
3294,Fair
3295,Fair
3296,Unknown
3297,Fair
3298,Fair
3299,Fair
3300,Fair
3301,Fair
3302,Fair
3303,Fair
3304,Unknown
3305,Fair
3306,Unknown
3307,Unknown
3308,Fair
3309,Fair
3310,Fair
3311,Fair
3312,Unknown
3313,Fair
3314,Fair
3315,Fair
3316,Unknown
3317,Fair
3318,Unknown
3319,Unknown
3320,Unknown
3321,Fair
3322,Unknown
3323,Fair
3324,Unknown
3325,Fair
3326,Fair
3327,Fair
3328,Fair
3329,Fair
3330,Fair
3331,Fair
3332,Fair
3333,Fair
3334,Fair
3335,Unknown
3336,Fair
3337,Unknown
3338,Unknown
3339,Fair
3340,Fair
3341,Fair
3342,Fair
3343,Fair
3344,Fair
3345,Unknown
3346,Fair
3347,Unknown
3348,Fair
3349,Fair
3350,Fair
3351,Unknown
3352,Unknown
3353,Fair
3354,Fair
3355,Unknown
3356,Fair
3357,Fair
3358,Fair
3359,Fair
3360,Fair
3361,Fair
3362,Unknown
3363,Unknown
3364,Fair
3365,Fair
3366,Fair
3367,Fair
3368,Fair
3369,Unknown
3370,Unknown
3371,Fair
3372,Unknown
3373,Fair
3374,Fair
3375,Fair
3376,Unknown
3377,Unknown
3378,Fair
3379,Fair
3380,Fair
3381,Fair
3382,Fair
3383,Fair
3384,Unknown
3385,Fair
3386,Fair
3387,Fair
3388,Fair
3389,Fair
3390,Unknown
3391,Unknown
3392,Fair
3393,Fair
3394,Fair
3395,Fair
3396,Fair
3397,Unknown
3398,Unknown
3399,Fair
3400,Fair
3401,Unknown
3402,Fair
3403,Fair
3404,Unknown
3405,Fair
3406,Unknown
3407,Fair
3408,Fair
3409,Fair
3410,Unknown
3411,Fair
3412,Fair
3413,Fair
3414,Unknown
3415,Unknown
3416,Fair
3417,Fair
3418,Fair
3419,Fair
3420,Unknown
3421,Fair
3422,Fair
3423,Unknown
3424,Fair
3425,Fair
3426,Unknown
3427,Unknown
3428,Unknown
3429,Unknown
3430,Fair
3431,Unknown
3432,Fair
3433,Fair
3434,Fair
3435,Unknown
3436,Fair
3437,Fair
3438,Unknown
3439,Fair
3440,Fair
3441,Unknown
3442,Fair
3443,Unknown
3444,Fair
3445,Fair
3446,Fair
3447,Unknown
3448,Unknown
3449,Fair
3450,Fair
3451,Fair
3452,Fair
3453,Fair
3454,Fair
3455,Fair
3456,Unknown
3457,Unknown
3458,Fair
3459,Fair
3460,Unknown
3461,Fair
3462,Fair
3463,Fair
3464,Unknown
3465,Fair
3466,Fair
3467,Fair
3468,Unknown
3469,Unknown
3470,Fair
3471,Unknown
3472,Fair
3473,Fair
3474,Unknown
3475,Fair
3476,Fair
3477,Fair
3478,Unknown
3479,Fair
3480,Unknown
3481,Unknown
3482,Fair
3483,Unknown
3484,Fair
3485,Fair
3486,Unknown
3487,Unknown
3488,Fair
3489,Fair
3490,Unknown
3491,Unknown
3492,Fair
3493,Fair
3494,Fair
3495,Unknown
3496,Fair
3497,Unknown
3498,Fair
3499,Good
3500,Fair
3501,Fair
3502,Fair
3503,Fair
3504,Unknown
3505,Fair
3506,Unknown
3507,Fair
3508,Unknown
3509,Fair
3510,Fair
3511,Fair
3512,Unknown
3513,Unknown
3514,Unknown
3515,Unknown
3516,Fair
3517,Fair
3518,Fair
3519,Unknown
3520,Fair
3521,Unknown
3522,Unknown
3523,Fair
3524,Fair
3525,Fair
3526,Unknown
3527,Fair
3528,Fair
3529,Fair
3530,Fair
3531,Unknown
3532,Fair
3533,Unknown
3534,Unknown
3535,Fair
3536,Fair
3537,Fair
3538,Unknown
3539,Fair
3540,Fair
3541,Unknown
3542,Fair
3543,Fair
3544,Fair
3545,Fair
3546,Fair
3547,Unknown
3548,Unknown
3549,Unknown
3550,Unknown
3551,Fair
3552,Unknown
3553,Unknown
3554,Fair
3555,Unknown
3556,Fair
3557,Fair
3558,Fair
3559,Fair
3560,Fair
3561,Unknown
3562,Fair
3563,Fair
3564,Fair
3565,Fair
3566,Fair
3567,Fair
3568,Unknown
3569,Unknown
3570,Fair
3571,Fair
3572,Fair
3573,Fair
3574,Fair
3575,Fair
3576,Fair
3577,Unknown
3578,Fair
3579,Unknown
3580,Fair
3581,Fair
3582,Fair
3583,Fair
3584,Fair
3585,Unknown
3586,Fair
3587,Unknown
3588,Fair
3589,Fair
3590,Unknown
3591,Unknown
3592,Unknown
3593,Fair
3594,Fair
3595,Fair
3596,Unknown
3597,Fair
3598,Unknown
3599,Fair
3600,Unknown
3601,Fair
3602,Fair
3603,Fair
3604,Unknown
3605,Fair
3606,Unknown
3607,Fair
3608,Fair
3609,Fair
3610,Unknown
3611,Fair
3612,Unknown
3613,Unknown
3614,Unknown
3615,Unknown
3616,Fair
3617,Fair
3618,Fair
3619,Fair
3620,Fair
3621,Unknown
3622,Unknown
3623,Fair
3624,Unknown
3625,Fair
3626,Unknown
3627,Fair
3628,Unknown
3629,Fair
3630,Fair
3631,Fair
3632,Fair
3633,Unknown
3634,Fair
3635,Fair
3636,Fair
3637,Unknown
3638,Fair
3639,Fair
3640,Fair
3641,Fair
3642,Fair
3643,Fair
3644,Fair
3645,Unknown
3646,Fair
3647,Fair
3648,Fair
3649,Unknown
3650,Unknown
3651,Fair
3652,Unknown
3653,Fair
3654,Unknown
3655,Fair
3656,Fair
3657,Fair
3658,Unknown
3659,Fair
3660,Fair
3661,Unknown
3662,Unknown
3663,Fair
3664,Fair
3665,Fair
3666,Fair
3667,Fair
3668,Unknown
3669,Fair
3670,Unknown
3671,Fair
3672,Fair
3673,Fair
3674,Fair
3675,Unknown
3676,Unknown
3677,Unknown
3678,Fair
3679,Unknown
3680,Fair
3681,Fair
3682,Fair
3683,Unknown
3684,Fair
3685,Unknown
3686,Fair
3687,Unknown
3688,Unknown
3689,Fair
3690,Fair
3691,Fair
3692,Unknown
3693,Fair
3694,Fair
3695,Fair
3696,Unknown
3697,Fair
3698,Fair
3699,Unknown
3700,Fair
3701,Fair
3702,Fair
3703,Fair
3704,Unknown
3705,Unknown
3706,Unknown
3707,Fair
3708,Unknown
3709,Fair
3710,Unknown
3711,Fair
3712,Fair
3713,Fair
3714,Fair
3715,Unknown
3716,Fair
3717,Unknown
3718,Unknown
3719,Fair
3720,Fair
3721,Fair
3722,Fair
3723,Unknown
3724,Fair
3725,Unknown
3726,Fair
3727,Fair
3728,Unknown
3729,Fair
3730,Fair
3731,Fair
3732,Unknown
3733,Unknown
3734,Unknown
3735,Unknown
3736,Fair
3737,Fair
3738,Unknown
3739,Unknown
3740,Fair
3741,Fair
3742,Fair
3743,Unknown
3744,Unknown
3745,Fair
3746,Fair
3747,Fair
3748,Fair
3749,Fair
3750,Unknown
3751,Fair
3752,Fair
3753,Fair
3754,Fair
3755,Fair
3756,Fair
3757,Unknown
3758,Fair
3759,Fair
3760,Fair
3761,Unknown
3762,Fair
3763,Fair
3764,Fair
3765,Fair
3766,Unknown
3767,Fair
3768,Fair
3769,Fair
3770,Fair
3771,Fair
3772,Fair
3773,Fair
3774,Fair
3775,Fair
3776,Fair
3777,Unknown
3778,Unknown
3779,Fair
3780,Unknown
3781,Fair
3782,Fair
3783,Fair
3784,Fair
3785,Fair
3786,Fair
3787,Fair
3788,Unknown
3789,Fair
3790,Fair
3791,Fair
3792,Fair
3793,Fair
3794,Fair
3795,Unknown
3796,Unknown
3797,Unknown
3798,Unknown
3799,Fair
3800,Fair
3801,Fair
3802,Fair
3803,Fair
3804,Fair
3805,Good
3806,Unknown
3807,Fair
3808,Unknown
3809,Unknown
3810,Unknown
3811,Fair
3812,Unknown
3813,Fair
3814,Fair
3815,Unknown
3816,Fair
3817,Fair
3818,Unknown
3819,Fair
3820,Unknown
3821,Fair
3822,Unknown
3823,Unknown
3824,Fair
3825,Fair
3826,Fair
3827,Fair
3828,Fair
3829,Fair
3830,Fair
3831,Fair
3832,Fair
3833,Unknown
3834,Fair
3835,Unknown
3836,Fair
3837,Fair
3838,Fair
3839,Fair
3840,Unknown
3841,Unknown
3842,Fair
3843,Unknown
3844,Unknown
3845,Fair
3846,Unknown
3847,Fair
3848,Fair
3849,Fair
3850,Unknown
3851,Unknown
3852,Unknown
3853,Fair
3854,Fair
3855,Fair
3856,Fair
3857,Unknown
3858,Fair
3859,Fair
3860,Fair
3861,Fair
3862,Fair
3863,Fair
3864,Fair
3865,Fair
3866,Fair
3867,Fair
3868,Fair
3869,Fair
3870,Unknown
3871,Fair
3872,Unknown
3873,Fair
3874,Fair
3875,Unknown
3876,Fair
3877,Unknown
3878,Unknown
3879,Unknown
3880,Fair
3881,Fair
3882,Unknown
3883,Fair
3884,Fair
3885,Fair
3886,Fair
3887,Fair
3888,Unknown
3889,Fair
3890,Unknown
3891,Fair
3892,Fair
3893,Fair
3894,Unknown
3895,Fair
3896,Fair
3897,Fair
3898,Fair
3899,Unknown
3900,Fair
3901,Fair
3902,Fair
3903,Fair
3904,Unknown
3905,Fair
3906,Fair
3907,Fair
3908,Fair
3909,Fair
3910,Unknown
3911,Unknown
3912,Fair
3913,Unknown
3914,Fair
3915,Fair
3916,Fair
3917,Fair
3918,Unknown
3919,Fair
3920,Unknown
3921,Unknown
3922,Unknown
3923,Fair
3924,Fair
3925,Fair
3926,Unknown
3927,Fair
3928,Fair
3929,Fair
3930,Unknown
3931,Fair
3932,Unknown
3933,Fair
3934,Fair
3935,Fair
3936,Unknown
3937,Fair
3938,Fair
3939,Fair
3940,Fair
3941,Unknown
3942,Unknown
3943,Unknown
3944,Fair
3945,Fair
3946,Fair
3947,Fair
3948,Unknown
3949,Fair
3950,Unknown
3951,Fair
3952,Fair
3953,Fair
3954,Fair
3955,Fair
3956,Fair
3957,Unknown
3958,Unknown
3959,Fair
3960,Fair
3961,Fair
3962,Fair
3963,Unknown
3964,Unknown
3965,Fair
3966,Unknown
3967,Fair
3968,Unknown
3969,Fair
3970,Fair
3971,Unknown
3972,Fair
3973,Fair
3974,Fair
3975,Fair
3976,Fair
3977,Unknown
3978,Fair
3979,Unknown
3980,Fair
3981,Fair
3982,Unknown
3983,Fair
3984,Fair
3985,Fair
3986,Fair
3987,Fair
3988,Fair
3989,Fair
3990,Fair
3991,Fair
3992,Fair
3993,Fair
3994,Fair
3995,Unknown
3996,Fair
3997,Fair
3998,Fair
3999,Fair
4000,Unknown
4001,Unknown
4002,Fair
4003,Unknown
4004,Fair
4005,Fair
4006,Unknown
4007,Fair
4008,Fair
4009,Unknown
4010,Fair
4011,Unknown
4012,Fair
4013,Fair
4014,Fair
4015,Fair
4016,Fair
4017,Fair
4018,Unknown
4019,Fair
4020,Fair
4021,Fair
4022,Unknown
4023,Unknown
4024,Fair
4025,Fair
4026,Unknown
4027,Fair
4028,Fair
4029,Unknown
4030,Fair
4031,Unknown
4032,Unknown
4033,Fair
4034,Fair
4035,Fair
4036,Fair
4037,Fair
4038,Unknown
4039,Unknown
4040,Unknown
4041,Unknown
4042,Fair
4043,Unknown
4044,Fair
4045,Good
4046,Unknown
4047,Fair
4048,Fair
4049,Fair
4050,Fair
4051,Unknown
4052,Fair
4053,Fair
4054,Unknown
4055,Fair
4056,Fair
4057,Fair
4058,Unknown
4059,Fair
4060,Fair
4061,Fair
4062,Unknown
4063,Fair
4064,Fair
4065,Unknown
4066,Fair
4067,Fair
4068,Unknown
4069,Fair
4070,Fair
4071,Good
4072,Fair
4073,Fair
4074,Fair
4075,Fair
4076,Fair
4077,Unknown
4078,Fair
4079,Unknown
4080,Unknown
4081,Unknown
4082,Unknown
4083,Fair
4084,Fair
4085,Fair
4086,Fair
4087,Fair
4088,Fair
4089,Fair
4090,Fair
4091,Fair
4092,Fair
4093,Fair
4094,Fair
4095,Unknown
4096,Fair
4097,Fair
4098,Unknown
4099,Unknown
4100,Unknown
4101,Fair
4102,Fair
4103,Fair
4104,Unknown
4105,Unknown
4106,Fair
4107,Fair
4108,Unknown
4109,Fair
4110,Unknown
4111,Unknown
4112,Fair
4113,Fair
4114,Fair
4115,Unknown
4116,Unknown
4117,Fair
4118,Unknown
4119,Fair
4120,Fair
4121,Fair
4122,Unknown
4123,Fair
4124,Fair
4125,Unknown
4126,Fair
4127,Unknown
4128,Fair
4129,Fair
4130,Fair
4131,Fair
4132,Unknown
4133,Fair
4134,Unknown
4135,Fair
4136,Fair
4137,Fair
4138,Fair
4139,Unknown
4140,Fair
4141,Unknown
4142,Fair
4143,Good
4144,Fair
4145,Fair
4146,Fair
4147,Fair
4148,Unknown
4149,Fair
4150,Unknown
4151,Fair
4152,Unknown
4153,Fair
4154,Unknown
4155,Unknown
4156,Unknown
4157,Fair
4158,Fair
4159,Unknown
4160,Unknown
4161,Fair
4162,Fair
4163,Unknown
4164,Fair
4165,Fair
4166,Unknown
4167,Fair
4168,Unknown
4169,Fair
4170,Fair
4171,Fair
4172,Unknown
4173,Fair
4174,Fair
4175,Fair
4176,Fair
4177,Fair
4178,Fair
4179,Unknown
4180,Fair
4181,Unknown
4182,Fair
4183,Unknown
4184,Fair
4185,Fair
4186,Fair
4187,Unknown
4188,Fair
4189,Fair
4190,Fair
4191,Fair
4192,Unknown
4193,Fair
4194,Unknown
4195,Fair
4196,Unknown
4197,Unknown
4198,Fair
4199,Fair
4200,Unknown
4201,Fair
4202,Unknown
4203,Fair
4204,Fair
4205,Fair
4206,Fair
4207,Fair
4208,Fair
4209,Fair
4210,Fair
4211,Fair
4212,Fair
4213,Unknown
4214,Fair
4215,Fair
4216,Unknown
4217,Unknown
4218,Fair
4219,Fair
4220,Unknown
4221,Fair
4222,Fair
4223,Unknown
4224,Unknown
4225,Unknown
4226,Unknown
4227,Unknown
4228,Unknown
4229,Fair
4230,Fair
4231,Fair
4232,Fair
4233,Fair
4234,Fair
4235,Fair
4236,Unknown
4237,Fair
4238,Fair
4239,Fair
4240,Fair
4241,Unknown
4242,Fair
4243,Fair
4244,Fair
4245,Fair
4246,Fair
4247,Unknown
4248,Fair
4249,Unknown
4250,Fair
4251,Fair
4252,Fair
4253,Unknown
4254,Fair
4255,Unknown
4256,Fair
4257,Fair
4258,Fair
4259,Fair
4260,Fair
4261,Fair
4262,Unknown
4263,Unknown
4264,Unknown
4265,Unknown
4266,Fair
4267,Fair
4268,Fair
4269,Fair
4270,Fair
4271,Fair
4272,Fair
4273,Fair
4274,Unknown
4275,Fair
4276,Unknown
4277,Unknown
4278,Fair
4279,Unknown
4280,Unknown
4281,Fair
4282,Fair
4283,Fair
4284,Fair
4285,Unknown
4286,Fair
4287,Unknown
4288,Fair
4289,Fair
4290,Fair
4291,Fair
4292,Fair
4293,Fair
4294,Fair
4295,Fair
4296,Fair
4297,Unknown
4298,Unknown
4299,Unknown
4300,Fair
4301,Fair
4302,Fair
4303,Fair
4304,Fair
4305,Fair
4306,Fair
4307,Fair
4308,Fair
4309,Unknown
4310,Unknown
4311,Unknown
4312,Fair
4313,Unknown
4314,Fair
4315,Fair
4316,Unknown
4317,Fair
4318,Fair
4319,Fair
4320,Unknown
4321,Fair
4322,Unknown
4323,Fair
4324,Unknown
4325,Fair
4326,Unknown
4327,Fair
4328,Unknown
4329,Fair
4330,Unknown
4331,Unknown
4332,Fair
4333,Fair
4334,Unknown
4335,Unknown
4336,Fair
4337,Fair
4338,Fair
4339,Unknown
4340,Unknown
4341,Fair
4342,Fair
4343,Fair
4344,Good
4345,Fair
4346,Fair
4347,Fair
4348,Fair
4349,Unknown
4350,Fair
4351,Fair
4352,Unknown
4353,Unknown
4354,Fair
4355,Unknown
4356,Unknown
4357,Unknown
4358,Fair
4359,Fair
4360,Fair
4361,Fair
4362,Fair
4363,Fair
4364,Fair
4365,Fair
4366,Fair
4367,Fair
4368,Fair
4369,Fair
4370,Unknown
4371,Fair
4372,Unknown
4373,Unknown
4374,Fair
4375,Fair
4376,Fair
4377,Fair
4378,Fair
4379,Unknown
4380,Fair
4381,Fair
4382,Fair
4383,Fair
4384,Fair
4385,Fair
4386,Fair
4387,Fair
4388,Unknown
4389,Fair
4390,Fair
4391,Fair
4392,Unknown
4393,Fair
4394,Fair
4395,Unknown
4396,Fair
4397,Unknown
4398,Fair
4399,Fair
4400,Fair
4401,Fair
4402,Unknown
4403,Fair
4404,Fair
4405,Fair
4406,Unknown
4407,Fair
4408,Unknown
4409,Fair
4410,Unknown
4411,Fair
4412,Fair
4413,Fair
4414,Fair
4415,Fair
4416,Unknown
4417,Fair
4418,Fair
4419,Unknown
4420,Unknown
4421,Fair
4422,Unknown
4423,Unknown
4424,Fair
4425,Fair
4426,Fair
4427,Fair
4428,Fair
4429,Unknown
4430,Fair
4431,Unknown
4432,Fair
4433,Fair
4434,Fair
4435,Fair
4436,Unknown
4437,Unknown
4438,Unknown
4439,Fair
4440,Fair
4441,Fair
4442,Unknown
4443,Unknown
4444,Fair
4445,Fair
4446,Fair
4447,Fair
4448,Fair
4449,Fair
4450,Fair
4451,Fair
4452,Fair
4453,Fair
4454,Fair
4455,Fair
4456,Fair
4457,Fair
4458,Unknown
4459,Unknown
4460,Unknown
4461,Fair
4462,Fair
4463,Fair
4464,Fair
4465,Fair
4466,Fair
4467,Fair
4468,Unknown
4469,Fair
4470,Fair
4471,Fair
4472,Fair
4473,Fair
4474,Fair
4475,Fair
4476,Fair
4477,Unknown
4478,Fair
4479,Fair
4480,Fair
4481,Fair
4482,Fair
4483,Fair
4484,Fair
4485,Unknown
4486,Fair
4487,Fair
4488,Fair
4489,Fair
4490,Unknown
4491,Fair
4492,Fair
4493,Unknown
4494,Unknown
4495,Unknown
4496,Fair
4497,Unknown
4498,Fair
4499,Unknown
4500,Fair
4501,Fair
4502,Unknown
4503,Fair
4504,Unknown
4505,Unknown
4506,Fair
4507,Unknown
4508,Fair
4509,Unknown
4510,Fair
4511,Unknown
4512,Fair
4513,Unknown
4514,Fair
4515,Fair
4516,Fair
4517,Fair
4518,Fair
4519,Unknown
4520,Unknown
4521,Unknown
4522,Unknown
4523,Fair
4524,Fair
4525,Unknown
4526,Fair
4527,Unknown
4528,Fair
4529,Fair
4530,Fair
4531,Fair
4532,Fair
4533,Fair
4534,Unknown
4535,Fair
4536,Unknown
4537,Fair
4538,Fair
4539,Fair
4540,Fair
4541,Fair
4542,Fair
4543,Unknown
4544,Fair
4545,Fair
4546,Fair
4547,Fair
4548,Fair
4549,Fair
4550,Fair
4551,Fair
4552,Fair
4553,Fair
4554,Fair
4555,Fair
4556,Fair
4557,Unknown
4558,Fair
4559,Unknown
4560,Fair
4561,Unknown
4562,Unknown
4563,Unknown
4564,Fair
4565,Fair
4566,Fair
4567,Fair
4568,Unknown
4569,Unknown
4570,Good
4571,Fair
4572,Fair
4573,Unknown
4574,Unknown
4575,Good
4576,Unknown
4577,Unknown
4578,Fair
4579,Fair
4580,Fair
4581,Unknown
4582,Fair
4583,Unknown
4584,Fair
4585,Fair
4586,Fair
4587,Fair
4588,Fair
4589,Fair
4590,Fair
4591,Fair
4592,Fair
4593,Fair
4594,Unknown
4595,Fair
4596,Fair
4597,Fair
4598,Unknown
4599,Unknown
4600,Fair
4601,Fair
4602,Unknown
4603,Fair
4604,Fair
4605,Unknown
4606,Fair
4607,Fair
4608,Fair
4609,Fair
4610,Unknown
4611,Unknown
4612,Fair
4613,Unknown
4614,Fair
4615,Fair
4616,Fair
4617,Fair
4618,Fair
4619,Fair
4620,Fair
4621,Unknown
4622,Fair
4623,Fair
4624,Fair
4625,Fair
4626,Unknown
4627,Fair
4628,Fair
4629,Fair
4630,Unknown
4631,Fair
4632,Unknown
4633,Fair
4634,Unknown
4635,Unknown
4636,Fair
4637,Fair
4638,Unknown
4639,Fair
4640,Fair
4641,Unknown
4642,Unknown
4643,Unknown
4644,Unknown
4645,Fair
4646,Fair
4647,Fair
4648,Unknown
4649,Unknown
4650,Fair
4651,Fair
4652,Fair
4653,Unknown
4654,Fair
4655,Fair
4656,Fair
4657,Unknown
4658,Fair
4659,Unknown
4660,Unknown
4661,Fair
4662,Unknown
4663,Fair
4664,Unknown
4665,Fair
4666,Fair
4667,Fair
4668,Unknown
4669,Fair
4670,Fair
4671,Good
4672,Fair
4673,Fair
4674,Fair
4675,Fair
4676,Fair
4677,Unknown
4678,Unknown
4679,Fair
4680,Fair
4681,Fair
4682,Fair
4683,Fair
4684,Fair
4685,Unknown
4686,Fair
4687,Fair
4688,Fair
4689,Fair
4690,Fair
4691,Fair
4692,Fair
4693,Fair
4694,Fair
4695,Fair
4696,Unknown
4697,Unknown
4698,Fair
4699,Fair
4700,Unknown
4701,Fair
4702,Fair
4703,Unknown
4704,Unknown
4705,Fair
4706,Fair
4707,Unknown
4708,Unknown
4709,Unknown
4710,Fair
4711,Fair
4712,Fair
4713,Fair
4714,Fair
4715,Fair
4716,Fair
4717,Fair
4718,Fair
4719,Fair
4720,Fair
4721,Fair
4722,Unknown
4723,Fair
4724,Fair
4725,Unknown
4726,Fair
4727,Unknown
4728,Fair
4729,Fair
4730,Unknown
4731,Unknown
4732,Fair
4733,Unknown
4734,Unknown
4735,Fair
4736,Unknown
4737,Unknown
4738,Unknown
4739,Fair
4740,Fair
4741,Fair
4742,Fair
4743,Fair
4744,Unknown
4745,Fair
4746,Unknown
4747,Fair
4748,Unknown
4749,Fair
4750,Fair
4751,Fair
4752,Fair
4753,Fair
4754,Unknown
4755,Unknown
4756,Fair
4757,Fair
4758,Fair
4759,Fair
4760,Fair
4761,Fair
4762,Fair
4763,Unknown
4764,Unknown
4765,Fair
4766,Fair
4767,Fair
4768,Fair
4769,Fair
4770,Fair
4771,Unknown
4772,Fair
4773,Fair
4774,Fair
4775,Fair
4776,Fair
4777,Fair
4778,Fair
4779,Unknown
4780,Fair
4781,Fair
4782,Fair
4783,Fair
4784,Fair
4785,Fair
4786,Unknown
4787,Unknown
4788,Fair
4789,Unknown
4790,Unknown
4791,Fair
4792,Fair
4793,Fair
4794,Fair
4795,Unknown
4796,Unknown
4797,Fair
4798,Fair
4799,Fair
4800,Fair
4801,Unknown
4802,Unknown
4803,Unknown
4804,Unknown
4805,Unknown
4806,Unknown
4807,Unknown
4808,Fair
4809,Unknown
4810,Fair
4811,Fair
4812,Fair
4813,Fair
4814,Fair
4815,Unknown
4816,Unknown
4817,Unknown
4818,Fair
4819,Unknown
4820,Fair
4821,Fair
4822,Unknown
4823,Unknown
4824,Unknown
4825,Fair
4826,Fair
4827,Unknown
4828,Fair
4829,Fair
4830,Fair
4831,Fair
4832,Fair
4833,Unknown
4834,Unknown
4835,Fair
4836,Fair
4837,Fair
4838,Fair
4839,Fair
4840,Fair
4841,Fair
4842,Fair
4843,Fair
4844,Unknown
4845,Fair
4846,Fair
4847,Fair
4848,Unknown
4849,Fair
4850,Fair
4851,Unknown
4852,Fair
4853,Fair
4854,Fair
4855,Unknown
4856,Unknown
4857,Unknown
4858,Unknown
4859,Fair
4860,Unknown
4861,Fair
4862,Fair
4863,Unknown
4864,Fair
4865,Fair
4866,Fair
4867,Fair
4868,Fair
4869,Fair
4870,Fair
4871,Unknown
4872,Fair
4873,Fair
4874,Fair
4875,Fair
4876,Unknown
4877,Fair
4878,Fair
4879,Fair
4880,Fair
4881,Fair
4882,Fair
4883,Fair
4884,Good
4885,Fair
4886,Fair
4887,Fair
4888,Fair
4889,Unknown
4890,Fair
4891,Fair
4892,Fair
4893,Unknown
4894,Fair
4895,Fair
4896,Unknown
4897,Fair
4898,Fair
4899,Fair
4900,Fair
4901,Fair
4902,Fair
4903,Fair
4904,Unknown
4905,Fair
4906,Fair
4907,Fair
4908,Unknown
4909,Fair
4910,Fair
4911,Unknown
4912,Unknown
4913,Unknown
4914,Fair
4915,Fair
4916,Fair
4917,Fair
4918,Unknown
4919,Fair
4920,Fair
4921,Unknown
4922,Fair
4923,Fair
4924,Fair
4925,Fair
4926,Unknown
4927,Unknown
4928,Fair
4929,Unknown
4930,Unknown
4931,Unknown
4932,Fair
4933,Fair
4934,Unknown
4935,Unknown
4936,Fair
4937,Fair
4938,Unknown
4939,Unknown
4940,Fair
4941,Fair
4942,Unknown
4943,Fair
4944,Fair
4945,Fair
4946,Fair
4947,Fair
4948,Unknown
4949,Fair
4950,Unknown
4951,Unknown
4952,Fair
4953,Unknown
4954,Fair
4955,Fair
4956,Fair
4957,Fair
4958,Fair
4959,Fair
4960,Unknown
4961,Fair
4962,Fair
4963,Fair
4964,Fair
4965,Unknown
4966,Fair
4967,Fair
4968,Fair
4969,Unknown
4970,Fair
4971,Fair
4972,Unknown
4973,Unknown
4974,Unknown
4975,Unknown
4976,Fair
4977,Unknown
4978,Fair
4979,Fair
4980,Unknown
4981,Fair
4982,Unknown
4983,Fair
4984,Fair
4985,Fair
4986,Fair
4987,Fair
4988,Fair
4989,Unknown
4990,Fair
4991,Fair
4992,Unknown
4993,Fair
4994,Fair
4995,Fair
4996,Fair
4997,Fair
4998,Unknown
4999,Unknown
5000,Fair
5001,Fair
5002,Unknown
5003,Fair
5004,Fair
5005,Unknown
5006,Fair
5007,Unknown
5008,Unknown
5009,Unknown
5010,Fair
5011,Fair
5012,Fair
5013,Fair
5014,Fair
5015,Unknown
5016,Fair
5017,Fair
5018,Fair
5019,Fair
5020,Fair
5021,Fair
5022,Fair
5023,Fair
5024,Unknown
5025,Fair
5026,Unknown
5027,Fair
5028,Fair
5029,Fair
5030,Fair
5031,Fair
5032,Fair
5033,Fair
5034,Fair
5035,Unknown
5036,Fair
5037,Fair
5038,Fair
5039,Fair
5040,Fair
5041,Fair
5042,Fair
5043,Unknown
5044,Unknown
5045,Fair
5046,Fair
5047,Fair
5048,Unknown
5049,Fair
5050,Unknown
5051,Fair
5052,Unknown
5053,Fair
5054,Fair
5055,Fair
5056,Unknown
5057,Fair
5058,Fair
5059,Fair
5060,Fair
5061,Fair
5062,Unknown
5063,Fair
5064,Fair
5065,Unknown
5066,Fair
5067,Fair
5068,Fair
5069,Unknown
5070,Fair
5071,Fair
5072,Fair
5073,Fair
5074,Unknown
5075,Unknown
5076,Fair
5077,Unknown
5078,Fair
5079,Fair
5080,Fair
5081,Fair
5082,Fair
5083,Unknown
5084,Fair
5085,Fair
5086,Fair
5087,Fair
5088,Fair
5089,Unknown
5090,Fair
5091,Unknown
5092,Fair
5093,Fair
5094,Fair
5095,Fair
5096,Fair
5097,Fair
5098,Unknown
5099,Unknown
5100,Unknown
5101,Fair
5102,Fair
5103,Unknown
5104,Fair
5105,Unknown
5106,Fair
5107,Fair
5108,Unknown
5109,Fair
5110,Fair
5111,Fair
5112,Fair
5113,Fair
5114,Unknown
5115,Fair
5116,Fair
5117,Fair
5118,Unknown
5119,Fair
5120,Fair
5121,Fair
5122,Fair
5123,Unknown
5124,Unknown
5125,Unknown
5126,Fair
5127,Fair
5128,Fair
5129,Fair
5130,Fair
5131,Fair
5132,Fair
5133,Fair
5134,Unknown
5135,Fair
5136,Fair
5137,Fair
5138,Fair
5139,Fair
5140,Fair
5141,Fair
5142,Unknown
5143,Fair
5144,Unknown
5145,Unknown
5146,Unknown
5147,Fair
5148,Fair
5149,Fair
5150,Fair
5151,Unknown
5152,Fair
5153,Fair
5154,Fair
5155,Unknown
5156,Fair
5157,Unknown
5158,Fair
5159,Fair
5160,Fair
5161,Unknown
5162,Unknown
5163,Fair
5164,Fair
5165,Fair
5166,Fair
5167,Fair
5168,Fair
5169,Fair
5170,Fair
5171,Unknown
5172,Unknown
5173,Unknown
5174,Fair
5175,Unknown
5176,Unknown
5177,Fair
5178,Unknown
5179,Fair
5180,Fair
5181,Unknown
5182,Unknown
5183,Unknown
5184,Unknown
5185,Unknown
5186,Fair
5187,Fair
5188,Unknown
5189,Fair
5190,Fair
5191,Fair
5192,Fair
5193,Fair
5194,Unknown
5195,Fair
5196,Fair
5197,Fair
5198,Fair
5199,Unknown
5200,Fair
5201,Fair
5202,Unknown
5203,Fair
5204,Unknown
5205,Fair
5206,Unknown
5207,Fair
5208,Unknown
5209,Unknown
5210,Good
5211,Fair
5212,Unknown
5213,Fair
5214,Fair
5215,Fair
5216,Fair
5217,Fair
5218,Fair
5219,Fair
5220,Fair
5221,Fair
5222,Fair
5223,Fair
5224,Fair
5225,Fair
5226,Fair
5227,Unknown
5228,Fair
5229,Unknown
5230,Fair
5231,Fair
5232,Fair
5233,Unknown
5234,Unknown
5235,Unknown
5236,Unknown
5237,Fair
5238,Fair
5239,Fair
5240,Unknown
5241,Fair
5242,Unknown
5243,Unknown
5244,Fair
5245,Fair
5246,Fair
5247,Fair
5248,Fair
5249,Fair
5250,Unknown
5251,Fair
5252,Fair
5253,Unknown
5254,Fair
5255,Fair
5256,Unknown
5257,Fair
5258,Fair
5259,Unknown
5260,Fair
5261,Unknown
5262,Fair
5263,Fair
5264,Fair
5265,Fair
5266,Fair
5267,Fair
5268,Fair
5269,Fair
5270,Fair
5271,Unknown
5272,Fair
5273,Unknown
5274,Fair
5275,Fair
5276,Fair
5277,Fair
5278,Fair
5279,Fair
5280,Unknown
5281,Fair
5282,Fair
5283,Fair
5284,Fair
5285,Fair
5286,Fair
5287,Unknown
5288,Fair
5289,Fair
5290,Fair
5291,Fair
5292,Fair
5293,Fair
5294,Unknown
5295,Fair
5296,Fair
5297,Fair
5298,Fair
5299,Fair
5300,Fair
5301,Fair
5302,Fair
5303,Fair
5304,Unknown
5305,Unknown
5306,Fair
5307,Fair
5308,Fair
5309,Fair
5310,Fair
5311,Fair
5312,Fair
5313,Fair
5314,Fair
5315,Fair
5316,Fair
5317,Fair
5318,Fair
5319,Fair
5320,Unknown
5321,Fair
5322,Fair
5323,Fair
5324,Fair
5325,Fair
5326,Unknown
5327,Unknown
5328,Fair
5329,Unknown
5330,Unknown
5331,Unknown
5332,Fair
5333,Fair
5334,Unknown
5335,Unknown
5336,Fair
5337,Fair
5338,Fair
5339,Fair
5340,Unknown
5341,Unknown
5342,Fair
5343,Fair
5344,Fair
5345,Fair
5346,Fair
5347,Fair
5348,Unknown
5349,Fair
5350,Fair
5351,Fair
5352,Fair
5353,Unknown
5354,Fair
5355,Unknown
5356,Unknown
5357,Fair
5358,Fair
5359,Fair
5360,Fair
5361,Fair
5362,Fair
5363,Fair
5364,Unknown
5365,Fair
5366,Fair
5367,Unknown
5368,Fair
5369,Unknown
5370,Fair
5371,Fair
5372,Unknown
5373,Unknown
5374,Fair
5375,Fair
5376,Fair
5377,Unknown
5378,Unknown
5379,Unknown
5380,Fair
5381,Fair
5382,Fair
5383,Fair
5384,Fair
5385,Fair
5386,Fair
5387,Unknown
5388,Fair
5389,Unknown
5390,Fair
5391,Unknown
5392,Unknown
5393,Fair
5394,Unknown
5395,Fair
5396,Unknown
5397,Unknown
5398,Fair
5399,Unknown
5400,Unknown
5401,Fair
5402,Unknown
5403,Fair
5404,Fair
5405,Unknown
5406,Fair
5407,Fair
5408,Fair
5409,Unknown
5410,Fair
5411,Fair
5412,Unknown
5413,Unknown
5414,Unknown
5415,Fair
5416,Unknown
5417,Unknown
5418,Fair
5419,Fair
5420,Unknown
5421,Fair
5422,Fair
5423,Fair
5424,Unknown
5425,Unknown
5426,Unknown
5427,Fair
5428,Fair
5429,Unknown
5430,Fair
5431,Unknown
5432,Unknown
5433,Fair
5434,Good
5435,Fair
5436,Fair
5437,Fair
5438,Unknown
5439,Unknown
5440,Fair
5441,Fair
5442,Fair
5443,Fair
5444,Fair
5445,Unknown
5446,Fair
5447,Unknown
5448,Fair
5449,Fair
5450,Fair
5451,Fair
5452,Fair
5453,Fair
5454,Fair
5455,Fair
5456,Fair
5457,Fair
5458,Fair
5459,Fair
5460,Unknown
5461,Unknown
5462,Fair
5463,Fair
5464,Fair
5465,Unknown
5466,Fair
5467,Fair
5468,Fair
5469,Fair
5470,Fair
5471,Fair
5472,Unknown
5473,Fair
5474,Fair
5475,Fair
5476,Fair
5477,Fair
5478,Fair
5479,Fair
5480,Fair
5481,Fair
5482,Fair
5483,Fair
5484,Fair
5485,Unknown
5486,Fair
5487,Fair
5488,Fair
5489,Unknown
5490,Unknown
5491,Fair
5492,Unknown
5493,Unknown
5494,Fair
5495,Unknown
5496,Fair
5497,Unknown
5498,Unknown
5499,Unknown
5500,Unknown
5501,Fair
5502,Unknown
5503,Unknown
5504,Unknown
5505,Fair
5506,Fair
5507,Fair
5508,Unknown
5509,Fair
5510,Fair
5511,Fair
5512,Fair
5513,Fair
5514,Unknown
5515,Fair
5516,Fair
5517,Unknown
5518,Unknown
5519,Fair
5520,Fair
5521,Fair
5522,Unknown
5523,Unknown
5524,Fair
5525,Unknown
5526,Unknown
5527,Fair
5528,Fair
5529,Unknown
5530,Fair
5531,Unknown
5532,Fair
5533,Unknown
5534,Fair
5535,Unknown
5536,Fair
5537,Unknown
5538,Fair
5539,Fair
5540,Fair
5541,Fair
5542,Unknown
5543,Unknown
5544,Fair
5545,Fair
5546,Fair
5547,Unknown
5548,Fair
5549,Unknown
5550,Unknown
5551,Fair
5552,Fair
5553,Fair
5554,Unknown
5555,Unknown
5556,Fair
5557,Unknown
5558,Fair
5559,Unknown
5560,Unknown
5561,Unknown
5562,Unknown
5563,Fair
5564,Fair
5565,Fair
5566,Unknown
5567,Fair
5568,Fair
5569,Fair
5570,Unknown
5571,Fair
5572,Fair
5573,Unknown
5574,Unknown
5575,Fair
5576,Fair
5577,Fair
5578,Fair
5579,Fair
5580,Unknown
5581,Fair
5582,Fair
5583,Fair
5584,Fair
5585,Fair
5586,Unknown
5587,Fair
5588,Fair
5589,Fair
5590,Fair
5591,Unknown
5592,Fair
5593,Unknown
5594,Fair
5595,Fair
5596,Fair
5597,Unknown
5598,Fair
5599,Fair
5600,Fair
5601,Fair
5602,Fair
5603,Fair
5604,Fair
5605,Unknown
5606,Unknown
5607,Unknown
5608,Unknown
5609,Unknown
5610,Fair
5611,Unknown
5612,Fair
5613,Fair
5614,Fair
5615,Unknown
5616,Fair
5617,Fair
5618,Fair
5619,Fair
5620,Fair
5621,Fair
5622,Fair
5623,Fair
5624,Unknown
5625,Unknown
5626,Fair
5627,Fair
5628,Unknown
5629,Fair
5630,Fair
5631,Fair
5632,Fair
5633,Fair
5634,Fair
5635,Fair
5636,Fair
5637,Unknown
5638,Fair
5639,Fair
5640,Fair
5641,Fair
5642,Fair
5643,Fair
5644,Fair
5645,Unknown
5646,Unknown
5647,Fair
5648,Fair
5649,Fair
5650,Unknown
5651,Fair
5652,Fair
5653,Fair
5654,Fair
5655,Fair
5656,Fair
5657,Fair
5658,Unknown
5659,Unknown
5660,Fair
5661,Fair
5662,Unknown
5663,Fair
5664,Fair
5665,Fair
5666,Fair
5667,Unknown
5668,Unknown
5669,Fair
5670,Fair
5671,Fair
5672,Unknown
5673,Fair
5674,Fair
5675,Fair
5676,Fair
5677,Fair
5678,Fair
5679,Fair
5680,Fair
5681,Fair
5682,Fair
5683,Fair
5684,Unknown
5685,Unknown
5686,Fair
5687,Fair
5688,Fair
5689,Unknown
5690,Unknown
5691,Fair
5692,Unknown
5693,Fair
5694,Good
5695,Fair
5696,Fair
5697,Unknown
5698,Fair
5699,Fair
5700,Fair
5701,Fair
5702,Fair
5703,Unknown
5704,Unknown
5705,Fair
5706,Unknown
5707,Fair
5708,Fair
5709,Fair
5710,Fair
5711,Unknown
5712,Fair
5713,Fair
5714,Fair
5715,Unknown
5716,Unknown
5717,Fair
5718,Fair
5719,Unknown
5720,Fair
5721,Unknown
5722,Fair
5723,Unknown
5724,Fair
5725,Unknown
5726,Fair
5727,Unknown
5728,Unknown
5729,Unknown
5730,Unknown
5731,Fair
5732,Fair
5733,Fair
5734,Fair
5735,Unknown
5736,Unknown
5737,Fair
5738,Fair
5739,Fair
5740,Fair
5741,Fair
5742,Fair
5743,Good
5744,Fair
5745,Fair
5746,Fair
5747,Fair
5748,Fair
5749,Fair
5750,Fair
5751,Fair
5752,Fair
5753,Fair
5754,Fair
5755,Fair
5756,Fair
5757,Unknown
5758,Fair
5759,Fair
5760,Unknown
5761,Fair
5762,Fair
5763,Fair
5764,Unknown
5765,Fair
5766,Unknown
5767,Unknown
5768,Fair
5769,Fair
5770,Unknown
5771,Unknown
5772,Fair
5773,Fair
5774,Fair
5775,Fair
5776,Fair
5777,Unknown
5778,Fair
5779,Fair
5780,Unknown
5781,Fair
5782,Unknown
5783,Fair
5784,Fair
5785,Fair
5786,Unknown
5787,Fair
5788,Fair
5789,Fair
5790,Unknown
5791,Fair
5792,Unknown
5793,Fair
5794,Unknown
5795,Unknown
5796,Fair
5797,Fair
5798,Fair
5799,Fair
5800,Fair
5801,Unknown
5802,Fair
5803,Fair
5804,Unknown
5805,Unknown
5806,Unknown
5807,Fair
5808,Fair
5809,Fair
5810,Fair
5811,Fair
5812,Unknown
5813,Fair
5814,Fair
5815,Fair
5816,Fair
5817,Fair
5818,Unknown
5819,Fair
5820,Fair
5821,Fair
5822,Fair
5823,Fair
5824,Fair
5825,Unknown
5826,Unknown
5827,Fair
5828,Fair
5829,Unknown
5830,Unknown
5831,Fair
5832,Fair
5833,Fair
5834,Fair
5835,Unknown
5836,Unknown
5837,Unknown
5838,Unknown
5839,Fair
5840,Fair
5841,Unknown
5842,Fair
5843,Fair
5844,Fair
5845,Fair
5846,Fair
5847,Unknown
5848,Fair
5849,Unknown
5850,Fair
5851,Unknown
5852,Fair
5853,Unknown
5854,Fair
5855,Fair
5856,Fair
5857,Unknown
5858,Fair
5859,Unknown
5860,Unknown
5861,Fair
5862,Fair
5863,Fair
5864,Fair
5865,Fair
5866,Unknown
5867,Unknown
5868,Unknown
5869,Fair
5870,Fair
5871,Fair
5872,Fair
5873,Unknown
5874,Fair
5875,Fair
5876,Fair
5877,Unknown
5878,Fair
5879,Fair
5880,Unknown
5881,Fair
5882,Unknown
5883,Fair
5884,Fair
5885,Fair
5886,Fair
5887,Unknown
5888,Fair
5889,Fair
5890,Fair
5891,Fair
5892,Fair
5893,Fair
5894,Fair
5895,Fair
5896,Fair
5897,Unknown
5898,Fair
5899,Fair
5900,Fair
5901,Unknown
5902,Fair
5903,Unknown
5904,Unknown
5905,Fair
5906,Fair
5907,Fair
5908,Unknown
5909,Fair
5910,Fair
5911,Good
5912,Fair
5913,Fair
5914,Unknown
5915,Fair
5916,Unknown
5917,Fair
5918,Fair
5919,Unknown
5920,Unknown
5921,Unknown
5922,Unknown
5923,Fair
5924,Unknown
5925,Fair
5926,Fair
5927,Fair
5928,Fair
5929,Fair
5930,Unknown
5931,Unknown
5932,Unknown
5933,Unknown
5934,Unknown
5935,Unknown
5936,Fair
5937,Unknown
5938,Unknown
5939,Unknown
5940,Fair
5941,Fair
5942,Fair
5943,Fair
5944,Fair
5945,Fair
5946,Fair
5947,Fair
5948,Unknown
5949,Fair
5950,Unknown
5951,Fair
5952,Unknown
5953,Unknown
5954,Fair
5955,Fair
5956,Fair
5957,Fair
5958,Unknown
5959,Unknown
5960,Fair
5961,Unknown
5962,Fair
5963,Unknown
5964,Fair
5965,Unknown
5966,Unknown
5967,Fair
5968,Fair
5969,Unknown
5970,Unknown
5971,Unknown
5972,Fair
5973,Fair
5974,Fair
5975,Fair
5976,Unknown
5977,Fair
5978,Unknown
5979,Fair
5980,Fair
5981,Unknown
5982,Fair
5983,Fair
5984,Fair
5985,Unknown
5986,Unknown
5987,Fair
5988,Unknown
5989,Fair
5990,Fair
5991,Fair
5992,Unknown
5993,Unknown
5994,Fair
5995,Fair
5996,Fair
5997,Unknown
5998,Fair
5999,Fair
